SampleID,observed_species,shannon,simpson,chao1,ACE,goods_coverage,PD_whole_tree
S1,70,1.846,0.606,126.1,127.829,0.998,31.894
S1232,58,1.471,0.519,72.615,78.101,0.999,36.921
S2,177,3.472,0.843,228.108,240.984,0.995,61.83
S3,62,0.412,0.078,75.571,82.622,0.999,24.42
S4,49,0.206,0.04,81.5,92.667,0.998,20.276
S5,103,0.613,0.116,131.636,145.139,0.997,51.487
S6,62,0.945,0.334,78.154,81.053,0.998,20.108
S7,54,0.941,0.371,66.214,70.012,0.999,20.012
S8,57,1.324,0.487,80.75,79.23,0.999,16.133
S9,57,1.124,0.361,72.4,84.077,0.998,17.333
S10,33,0.206,0.042,42.75,47.206,0.999,12.224
S1233,44,0.231,0.047,56.364,63.359,0.999,12.783
S11,67,1.263,0.458,77,86.324,0.999,13.401
S12,113,1.798,0.463,165.556,168.002,0.997,19.085
S13,45,0.208,0.04,70.3,88.852,0.998,6.812
S14,70,0.686,0.14,105.1,109.278,0.998,35.672
S15,33,0.298,0.063,38.625,44.289,0.999,11.91
S1234,125,3.369,0.837,150.87,158.519,0.997,27.167
S16,44,0.257,0.049,59.3,69.353,0.999,13.426
S1235,72,1.023,0.232,99.273,105.445,0.998,11.731
S17,46,0.202,0.038,61.545,66.687,0.999,20.026
S18,31,0.788,0.227,50.5,51.665,0.999,3.858
S19,48,1.395,0.415,67.091,94.287,0.998,15.82
S20,31,0.259,0.053,36.625,42.29,0.999,13.805
S21,32,0.204,0.04,36.091,43.873,0.999,10.884
S22,68,0.332,0.063,112,114.53,0.998,32.882
S23,52,2.916,0.801,65,68.356,0.999,6.811
S24,95,1.539,0.553,121.105,134.164,0.998,9.739
S25,47,0.95,0.356,89.857,111.789,0.998,29.631
S26,42,0.439,0.102,54.75,78.06,0.999,17.222
S27,49,1.045,0.384,58,67.759,0.999,12.773
S28,47,0.268,0.05,64.273,76.238,0.999,11.138
S29,84,0.315,0.058,139.647,156.538,0.997,44.36
S30,68,0.469,0.098,87.118,103.47,0.998,14.827
S31,48,0.725,0.199,76.111,99.44,0.998,15.391
S32,83,0.862,0.185,141.125,116.702,0.998,30.043
S33,102,0.891,0.204,123.25,144.707,0.997,24.654
S34,36,0.282,0.056,46.111,58.907,0.999,4.993
S35,52,2.906,0.821,73.375,78.428,0.999,6.498
S36,49,1.673,0.604,59.929,69.689,0.999,27.434
S37,71,0.856,0.196,108.8,115.753,0.998,20.782
S38,51,0.281,0.053,74,94.567,0.998,12.711
S39,66,0.551,0.118,120.375,115.061,0.998,37.145
S40,56,2.441,0.756,90.2,75.053,0.999,6.805
S41,84,0.431,0.077,105.75,120.129,0.998,20.005
S42,73,0.408,0.08,98.588,110.078,0.998,55
S1236,39,0.6,0.174,48.1,59.896,0.999,11.032
S43,52,0.869,0.265,83.667,77.447,0.999,14.957
S44,77,1.931,0.666,99.556,115.316,0.998,55.67
S45,64,0.353,0.066,91.067,113.121,0.998,43.82
S46,27,0.182,0.038,33.875,43.409,0.999,13.445
S47,58,0.684,0.152,83.3,92.062,0.998,31.908
S1237,48,0.222,0.041,65.5,74.605,0.998,23.78
S48,51,1.217,0.425,89.5,85.898,0.998,16.871
S49,35,0.311,0.063,48,53.157,0.999,8.562
S50,60,1.09,0.386,126.111,146.542,0.997,39.921
S51,48,0.268,0.051,59.769,68.93,0.999,25.814
S1238,77,1.654,0.481,115.154,136.48,0.998,38.399
S52,63,0.371,0.07,69.182,79.537,0.999,23.783
S53,56,0.508,0.108,83.6,94.648,0.998,18.953
S54,61,2.679,0.766,91.667,98.044,0.998,20.29
S55,35,0.563,0.137,48,56.443,0.999,18.141
S56,43,1.323,0.538,56.125,58.279,0.999,13.963
S57,55,0.692,0.172,72.769,87.15,0.998,23.005
S58,64,0.667,0.137,79.545,81.437,0.999,26.585
S59,40,0.333,0.071,50.909,64.771,0.999,14.716
S1239,63,0.281,0.052,133.125,126.565,0.998,32.407
S60,49,0.912,0.282,95.2,89.414,0.998,14.07
S61,81,1.53,0.425,91.2,94.404,0.999,8.465
S62,90,2.103,0.64,121.059,130.556,0.998,31.223
S63,46,0.805,0.254,56,67.728,0.999,12.879
S64,62,3.713,0.898,66,66.843,0.999,7.63
S65,44,0.237,0.045,63,77.574,0.999,17.32
S66,34,0.277,0.057,43.75,50.201,0.999,8.543
S67,40,1.283,0.508,43.273,47.515,0.999,7.942
S68,56,1.345,0.443,84.111,94.225,0.998,18.453
S69,60,1.18,0.454,85.091,92.872,0.998,30.561
S70,63,0.667,0.151,84,90.81,0.998,14.01
S71,49,0.932,0.305,82.333,84.722,0.998,31.682
S72,43,1.62,0.548,53.5,64.092,0.999,10.356
S73,54,1.297,0.368,68.25,79.107,0.999,28.195
S74,75,3.22,0.869,120.091,133.282,0.998,30.206
S75,32,0.549,0.141,50.333,43.504,0.999,9.22
S76,65,3.025,0.82,81.154,99.147,0.998,17.362
S77,123,1.198,0.248,156.3,157.329,0.997,23.826
S78,62,0.707,0.181,144.667,128.193,0.998,14.672
S79,39,1.5,0.567,43.583,49.832,0.999,5.255
S80,85,1.491,0.541,125.615,123.225,0.998,8.976
S81,39,0.884,0.286,60,57.432,0.999,7.686
S82,26,0.15,0.031,52,48.642,0.999,17.702
S83,91,0.7,0.147,141.167,159.035,0.997,29.45
S84,43,1,0.287,62.5,54.709,0.999,7.844
S85,102,1.57,0.546,133.714,143.886,0.997,20.239
S86,51,1.569,0.486,68.143,65.232,0.999,15.676
S87,110,2.03,0.645,173.143,199.903,0.996,92.947
S88,35,0.297,0.062,42.333,49.673,0.999,9.156
S89,82,1.039,0.25,122.615,126.876,0.998,32.482
S90,242,2.145,0.449,314.172,348.759,0.993,140.184
S91,31,0.379,0.09,38.857,42.976,0.999,12.025
S92,80,0.359,0.069,136.438,156.452,0.997,29.546
S93,37,1.644,0.6,46.429,49.915,0.999,11.05
S94,106,1.631,0.434,147.053,155.351,0.997,17.068
S95,55,0.39,0.075,76.111,74.601,0.999,7.234
S1240,68,1.223,0.489,110.5,141.573,0.997,45.542
S1241,47,1.621,0.597,70.75,75.86,0.999,21.723
S96,49,2.032,0.677,61,68.995,0.999,18.344
S97,87,1.596,0.482,138.667,127.241,0.998,22
S98,39,0.374,0.081,66.143,83.56,0.999,24.053
S99,118,2.26,0.667,185.562,172.738,0.997,38.77
S100,68,0.633,0.143,87.118,96.839,0.998,34.193
S1242,44,0.785,0.261,59.3,68.66,0.999,14.626
S1243,61,0.823,0.222,80.462,89.702,0.998,16.464
S101,33,0.246,0.049,41.25,51.263,0.999,12.827
S102,56,0.482,0.12,69.571,78.895,0.999,25.699
S103,65,1.395,0.528,88.4,103.544,0.998,27.99
S104,53,1.424,0.455,57.714,64.404,0.999,9.618
S105,80,0.552,0.109,107.556,121.152,0.998,34.447
S1244,59,1.531,0.556,99.6,111.119,0.998,14.043
S106,64,0.94,0.252,100.909,110.141,0.998,14.094
S107,63,0.413,0.085,92.25,96.906,0.998,17.728
S108,54,0.311,0.059,81.6,90.805,0.998,36.248
S109,88,2.12,0.662,174,177.946,0.997,20.572
S110,77,0.366,0.067,121.4,139.238,0.997,41.002
S111,54,0.26,0.049,69.833,76.02,0.999,17.164
S112,85,0.499,0.098,134.4,143.904,0.997,34.939
S113,47,0.309,0.062,66.091,82.096,0.998,21.238
S114,71,1.313,0.508,104,126.655,0.998,47.225
S115,43,0.25,0.049,60,63.71,0.999,5.433
S116,35,1.094,0.348,41.875,44.67,0.999,14.882
S117,51,0.319,0.069,70.25,80.949,0.998,19.034
S1245,43,1.835,0.596,62.429,72.107,0.999,5.283
S118,87,0.555,0.117,105,113.116,0.998,30.89
S119,38,0.961,0.33,44.6,51.771,0.999,5.329
S120,52,3.049,0.843,75.75,86.863,0.999,9.425
S121,55,0.517,0.142,70.812,87.702,0.998,22.409
S1246,64,1.276,0.325,104.625,107.099,0.998,10.088
S122,52,0.982,0.349,69.5,82.645,0.998,23.179
S123,40,1.265,0.528,45.5,47.697,0.999,13.399
S124,75,0.371,0.066,102.083,99.403,0.998,26.186
S125,38,0.206,0.041,48.5,57.407,0.999,27.202
S126,114,2.551,0.658,159.15,170.65,0.997,11.161
S127,32,0.179,0.036,43.375,54.594,0.999,14.247
S128,49,0.496,0.117,56,62.122,0.999,16.325
S1247,64,0.487,0.102,106.273,119.167,0.998,7.342
S129,48,3.354,0.869,64.5,64.759,0.999,6.275
S130,54,0.897,0.322,77,79.977,0.998,10.709
S131,101,2.088,0.576,165.5,172.396,0.997,37.639
S132,37,0.952,0.36,58.375,82.89,0.999,8.575
S133,99,1.594,0.379,120.368,125.671,0.998,10.999
S134,53,0.382,0.078,81.875,81.976,0.998,25.51
S135,54,0.241,0.045,77.4,106.362,0.998,32.087
S136,65,0.362,0.066,76.667,86.825,0.998,28.106
S1248,28,0.197,0.039,41.2,47.668,0.999,8.53
S137,52,1.398,0.516,79.6,94.494,0.998,37.411
S138,57,3.416,0.848,81.429,88.043,0.999,7.62
S139,102,0.897,0.238,147.15,152.184,0.997,36.761
S140,52,0.358,0.079,82.667,88.33,0.998,23.509
S141,77,1.539,0.565,98,110.085,0.998,29.25
S142,88,2.51,0.726,125.714,140.386,0.998,30.462
S143,34,0.35,0.08,51.5,57.366,0.999,19.046
S144,43,1.625,0.575,60.5,62.966,0.999,6.646
S145,46,1.399,0.409,51.5,59.787,0.999,5.743
S146,64,1.053,0.289,92.875,86.13,0.998,14.287
S147,34,0.528,0.119,74,72.467,0.999,4.618
S148,43,0.801,0.239,135,114.581,0.998,13.026
S149,108,1.069,0.226,124.533,134.462,0.998,30.593
S150,53,0.614,0.15,78.3,88.092,0.998,18.931
S1249,49,1.261,0.419,59.5,63.148,0.999,11.768
S151,51,1.943,0.686,65.438,72.495,0.998,10.124
S152,44,0.329,0.072,74,83.917,0.998,25.939
S153,59,2.131,0.668,87.5,82.368,0.999,7.018
S154,73,2.497,0.661,85.214,93.596,0.999,18.021
S155,32,1.166,0.441,50.333,44.021,0.999,17.003
S156,102,0.574,0.112,220.462,220.366,0.996,43.803
S157,77,1.757,0.58,95.056,99.891,0.998,15.678
S1250,86,1.501,0.391,97.176,103.182,0.999,14.759
S158,52,1.277,0.52,75,87.555,0.998,14.353
S1251,60,0.515,0.113,73.588,85.79,0.998,28.886
S159,52,1.209,0.36,107.2,95.691,0.998,18.079
S160,85,1.662,0.472,97,105.608,0.998,39.158
S161,74,1.403,0.501,114.071,126.78,0.998,29.5
S162,40,0.525,0.15,79.429,96.327,0.998,20.101
S163,91,0.415,0.072,152.75,135.051,0.997,27.319
S164,74,1.094,0.252,86.667,90.009,0.999,7.935
S165,79,0.817,0.233,144,155.743,0.997,34.033
S166,45,0.217,0.043,70.667,80.028,0.998,18.633
S167,55,1.482,0.546,68.571,78.361,0.999,13.606
S168,58,2.382,0.766,92.364,113.428,0.998,25.056
S169,61,0.758,0.254,101.615,150.397,0.998,35.855
S170,83,2.63,0.738,128.091,132.015,0.998,22.233
S171,50,1.346,0.523,78.875,96.186,0.998,9.386
S172,32,0.171,0.035,49.143,52.535,0.999,16.892
S173,47,0.243,0.046,78.625,82.134,0.998,13.244
S1252,86,1.438,0.387,108.895,124.651,0.998,33.543
S174,41,0.38,0.089,56.545,75.574,0.999,21.955
S175,83,0.474,0.097,110.789,118.713,0.998,28.744
S176,34,0.192,0.038,42.25,44.398,0.999,13.444
S177,35,0.146,0.027,69.2,68.749,0.999,8.828
S178,99,1.678,0.456,163.5,160.902,0.997,32.52
S179,55,0.261,0.048,97.857,88.67,0.998,28.128
S180,86,0.409,0.074,105.84,118.502,0.998,50.315
S181,55,1.592,0.549,81.25,92.979,0.998,29.635
S182,43,1.838,0.632,52.1,58.758,0.999,6.344
S183,67,1.172,0.321,95.111,95.212,0.998,19.953
S184,47,0.196,0.038,83.111,95.628,0.998,33.738
S185,103,1.004,0.197,132.176,139.588,0.998,38.227
S186,46,1.614,0.582,67.111,69.867,0.999,5.571
S187,65,1.686,0.432,74,84.433,0.999,20.271
S188,66,0.783,0.217,89.077,98.687,0.998,14.737
S189,292,4.657,0.916,314.56,319.477,0.996,28.791
S190,82,0.493,0.092,124.5,125.032,0.997,30.13
S191,54,0.25,0.048,73.25,81.314,0.998,28.89
S192,63,1.356,0.534,137.375,150.336,0.997,42.874
S193,48,0.8,0.223,61.6,68.035,0.999,9.632
S194,68,2.354,0.67,98.6,83.386,0.999,7.985
S195,73,1.554,0.53,106.462,111.962,0.998,46.297
S196,70,0.402,0.078,148.75,127.858,0.997,15.1
S197,62,2.405,0.72,73.333,79.534,0.999,18.881
S198,49,0.881,0.259,68,82.797,0.999,15.366
S199,95,1.351,0.382,153.571,152.662,0.997,17.077
S200,44,1.229,0.474,57.909,67.883,0.999,25.61
S201,70,0.374,0.071,115.091,110.816,0.998,43.621
S202,55,0.683,0.184,76.429,90.537,0.998,14.006
S203,33,0.698,0.18,42.167,45.663,0.999,4.483
S204,52,2.202,0.688,57.5,62.788,0.999,7.506
S205,50,0.414,0.089,80.667,93.296,0.998,14.091
S206,42,1.488,0.558,49.583,58.213,0.999,19.02
S207,98,0.638,0.121,148.167,174.151,0.997,50.346
S208,63,0.527,0.119,86.214,99.988,0.998,16.159
S209,46,0.866,0.271,103.75,84.775,0.998,10.814
S210,42,0.22,0.042,45.667,49.708,0.999,34.141
S212,66,1.041,0.301,91.667,90.06,0.998,23.463
S213,77,0.844,0.23,104.556,113.266,0.998,10.664
S214,48,0.198,0.038,71,81.772,0.998,18.074
S215,59,1.94,0.635,92.214,101.118,0.998,35.966
S1253,71,0.5,0.095,86.789,105.585,0.998,24.089
S217,54,0.923,0.247,79.091,93.449,0.998,12.287
S1254,41,0.239,0.045,56,58.894,0.999,8.93
S218,49,0.665,0.161,61.364,69.952,0.999,16.124
S219,39,0.485,0.134,56,68.666,0.999,14.076
S220,49,0.707,0.188,61.75,72.878,0.999,16.333
S221,55,2.549,0.753,65.5,75.585,0.999,7.17
S1255,76,0.677,0.149,109,135.757,0.998,51.469
S222,62,1.878,0.649,76.056,83.898,0.998,37.698
S223,37,0.654,0.207,62.5,70.107,0.999,12.701
S224,52,1.244,0.41,63.875,71.963,0.999,33.28
S225,66,2.828,0.801,114.333,124.458,0.998,18.317
S226,54,0.242,0.046,79,89.943,0.998,20.6
S227,33,0.184,0.035,48,58.802,0.999,9.282
S228,32,0.911,0.368,53,56.61,0.999,8.017
S229,62,0.469,0.092,85,92.757,0.998,10.46
S230,23,0.165,0.038,45,43.39,0.999,10.009
S1256,29,1.388,0.526,84,41.154,0.999,11.269
S231,87,0.547,0.105,124.143,149.18,0.997,43.012
S232,51,0.21,0.04,70.462,80.24,0.998,13.2
S233,63,1.501,0.535,71.571,77.299,0.999,10.613
S234,75,1.987,0.518,111.909,120.71,0.998,28.668
S235,45,3.451,0.84,58.2,63.677,0.999,6.616
S236,67,0.576,0.12,76,80.543,0.999,16.979
S1257,46,1.049,0.402,53.583,62.361,0.999,16.895
S1258,93,0.768,0.173,124.5,134.075,0.997,53.769
S237,90,1.336,0.35,108.75,113.197,0.998,15.686
S238,38,0.479,0.135,53.111,67.187,0.999,15.204
S240,62,2.754,0.802,83.375,84.974,0.999,11.51
S241,58,0.438,0.096,98.625,95.927,0.998,26.488
S242,68,1.461,0.424,71.882,77.205,0.999,11.881
S243,30,0.168,0.033,35.625,37.594,0.999,4.204
S244,47,1.381,0.547,89.857,99.906,0.998,19.758
S245,135,3.103,0.787,214.5,217.17,0.996,51.608
S246,155,1.883,0.398,208.04,212.164,0.996,57.459
S1259,45,0.596,0.174,87,71.476,0.998,8.592
S247,50,1.245,0.465,69.091,75.838,0.998,6.093
S248,114,2.489,0.735,159.15,164.476,0.997,47.88
S249,85,1.44,0.437,130,136.831,0.997,10.15
S250,71,1.677,0.57,102.5,104.484,0.998,25.15
S251,66,1.539,0.532,93.083,98.53,0.998,27.942
S252,46,2.79,0.782,67,69.566,0.999,12.646
S253,101,2.493,0.648,134.913,173.265,0.997,31.474
S254,69,0.845,0.264,96.067,115.832,0.998,25.01
S255,49,0.977,0.267,62,61.622,0.999,15.968
S256,94,2.176,0.639,129.769,134.489,0.998,12.045
S257,47,1.361,0.535,64,71.901,0.999,10.657
S1260,77,3.546,0.863,85,92.564,0.999,8.753
S258,83,1.387,0.519,107.8,114.323,0.998,38.862
S259,55,0.344,0.07,71.867,87.065,0.998,34.647
S260,48,0.525,0.132,71.333,76.227,0.998,22.174
S261,64,0.856,0.242,101.5,95.049,0.998,21.244
S262,84,1.616,0.594,138.077,141.414,0.997,48.085
S1261,68,2.111,0.552,149.25,105.174,0.998,34.47
S264,69,2.235,0.757,121.8,129.66,0.998,24.851
S265,100,1.213,0.369,137.143,154.519,0.997,41.893
S266,34,1.768,0.577,45,51.148,0.999,10.744
S267,51,0.184,0.032,81.667,79.615,0.998,42.539
S1262,70,1.228,0.462,99,110.216,0.998,29.545
S268,52,2.573,0.77,80.5,80.766,0.999,19.963
S269,87,0.72,0.193,135.75,154.781,0.997,26.728
S270,40,0.368,0.08,67.2,63.782,0.999,14.579
S271,60,1.502,0.551,79.714,96.969,0.998,12.997
S1263,71,0.977,0.282,111.615,123.271,0.998,20.184
S272,36,0.648,0.224,46.5,53.541,0.999,11.683
S273,59,0.302,0.057,77.056,85.901,0.998,28.799
S274,82,0.307,0.054,149.571,169.554,0.997,35.224
S275,80,0.952,0.225,131,125.634,0.998,13.949
S276,77,1.673,0.466,112.769,119.669,0.998,18.794
S277,46,1.949,0.585,61.6,63.48,0.999,6.317
S278,75,0.461,0.097,145.909,157.832,0.997,28.313
S279,87,1.277,0.32,148.75,144.651,0.997,22.291
S280,45,0.638,0.201,62,64.962,0.999,6.327
S281,70,1.262,0.473,97,98.195,0.998,42.202
S282,54,0.712,0.196,147,137.809,0.998,13.391
S283,41,0.527,0.135,71.6,64.215,0.999,21.957
S284,314,4.394,0.886,366.22,377.571,0.994,69.266
S285,42,1.14,0.361,84,87.6,0.998,36.452
S287,49,0.347,0.075,64.545,71.437,0.999,21.39
S288,93,0.818,0.179,179.769,201.085,0.996,56.321
S289,35,0.565,0.143,41,41.66,0.999,13.38
S290,46,0.433,0.101,62.154,84.549,0.998,29.195
S291,55,1.205,0.52,106.667,110.126,0.998,7.325
S292,43,0.87,0.287,70.2,62.972,0.999,9.225
S293,61,0.909,0.257,118.75,82.148,0.998,11.34
S294,80,0.566,0.112,101.75,118.968,0.998,33.719
S295,37,1.892,0.669,56.5,53.824,0.999,9.208
S296,102,1.383,0.386,132.875,152.922,0.997,59.065
S297,69,1.153,0.383,92,92.743,0.998,18.033
S298,60,0.642,0.214,80.647,95.41,0.998,35.456
S299,38,1.449,0.559,47.167,45.482,0.999,13.052
S1264,87,2.11,0.672,124.714,128.837,0.998,11.762
S1265,87,1.567,0.55,120.158,141.337,0.997,28.864
S300,42,0.359,0.071,59.143,58.943,0.999,15.432
S301,68,0.292,0.054,95.353,114.203,0.998,18.806
S302,105,0.77,0.153,161.438,166.063,0.997,32.355
S303,53,0.602,0.142,65.75,71.06,0.999,33.94
S304,42,1.215,0.471,62,61.488,0.999,21.798
S305,57,1.636,0.546,138.25,99.287,0.998,25.665
S306,65,0.648,0.167,95,94.174,0.998,14.203
S307,38,0.762,0.246,57.429,64.513,0.999,11.433
S308,56,1.485,0.49,75,79.212,0.999,18.309
S309,63,0.77,0.216,95.5,91.562,0.998,17.256
S310,80,2.365,0.661,119.545,123.327,0.998,32.56
S311,73,3.122,0.858,108.062,128.381,0.998,9.334
S1266,52,0.231,0.043,64.214,73.709,0.999,17.751
S1267,25,0.959,0.324,32.2,43.08,0.999,7.101
S312,55,1.799,0.589,70.833,71.488,0.999,26.495
S313,60,0.749,0.191,83.1,84.25,0.998,15.393
S314,79,2.728,0.724,100,104.527,0.998,12.221
S315,70,1.899,0.629,99.545,95.278,0.998,14.972
S316,74,1.334,0.366,93,91.406,0.999,12.332
S317,89,0.706,0.155,147.235,165.661,0.997,67.1
S318,116,2.335,0.636,153.188,152.668,0.997,26.236
S319,33,0.424,0.114,54,62.797,0.999,18.39
S320,42,0.771,0.232,49.5,56.831,0.999,18.41
S321,88,3.618,0.837,117.25,125.961,0.998,10.931
S322,37,1.305,0.435,42.5,50.809,0.999,9.172
S323,47,3.015,0.764,51,58.559,0.999,6.473
S324,45,0.328,0.073,67.667,63.562,0.999,14.206
S325,51,0.908,0.319,77.25,82.758,0.998,13.081
S326,41,1.439,0.482,56.167,57.223,0.999,11.227
S327,36,0.299,0.063,78.75,79.574,0.999,14.709
S328,74,0.3,0.056,113.375,130.628,0.997,29.562
S329,55,0.537,0.133,78,90.776,0.998,22.74
S331,53,1.145,0.348,81.111,84.498,0.998,20.814
S332,31,0.181,0.035,46.167,55.503,0.999,17.615
S333,39,3.05,0.839,40.875,43.734,1,5.131
S334,46,0.277,0.054,61.111,64.993,0.999,9.955
S335,110,1.957,0.511,150.615,140.112,0.998,32.301
S336,45,0.547,0.123,53.667,57.374,0.999,15.53
S337,55,0.903,0.343,88.833,117.044,0.998,21.661
S338,99,1.242,0.298,189.3,171.364,0.997,35.463
S339,56,0.444,0.101,77.667,102,0.998,28.954
S340,68,2.672,0.766,99.909,111.714,0.998,26.258
S341,44,1.229,0.494,59.3,64.934,0.999,13.859
S342,62,1.102,0.457,81.118,95.415,0.998,31.516
S343,51,3.303,0.864,57.875,62.736,0.999,14.747
S344,81,2.191,0.66,163,179.103,0.997,19.873
S345,53,0.374,0.075,83.667,91.719,0.998,21.208
S346,56,1.14,0.411,70.615,79.044,0.999,12.24
S347,116,0.756,0.143,147.955,158.184,0.997,36.511
S348,63,0.363,0.071,98.769,113.218,0.998,8.393
S349,55,0.539,0.124,80.667,82.114,0.998,17.701
S350,109,0.692,0.128,144.455,155.816,0.997,23.1
S351,34,0.746,0.224,47,50.131,0.999,8.656
S352,61,1.265,0.513,97.25,117.702,0.998,12.152
S353,62,0.853,0.191,68.067,71.651,0.999,14.429
S1268,80,0.869,0.196,89.545,100.407,0.998,22.264
S354,140,2.975,0.796,178.278,211.344,0.996,55.059
S355,85,0.527,0.122,143.571,152.363,0.997,37.965
S356,46,1.069,0.314,65.429,68.419,0.999,6.38
S357,49,1.989,0.658,95,89.694,0.998,10.681
S358,78,1.161,0.354,99.938,109.149,0.998,16.404
S359,79,1.924,0.637,116,130.278,0.997,17.475
S360,58,1.301,0.373,77.091,84.778,0.998,11.423
S1269,59,0.49,0.124,129.857,123.271,0.998,13.362
S361,49,0.538,0.138,63.25,72.807,0.999,5.78
S1270,55,0.566,0.143,86.625,89.208,0.998,10.244
S362,59,1.204,0.405,90.5,101.251,0.998,21.779
S363,43,0.714,0.183,70.2,68.44,0.999,4.601
S364,56,0.784,0.205,95,100.369,0.998,18.203
S365,40,1.178,0.365,78.25,69.084,0.999,8.028
S366,54,0.791,0.207,75.111,76.618,0.999,10.579
S367,46,0.668,0.173,58,67.21,0.999,9.218
S368,73,3.407,0.857,92.091,96.715,0.998,7.544
S369,43,0.437,0.105,71.5,72.164,0.999,14.874
S370,70,1.164,0.32,86.235,100.613,0.998,29.072
S371,43,1.39,0.513,68.5,68.917,0.999,8.804
S372,54,0.775,0.201,77.333,73.885,0.998,20.997
S1271,77,1.097,0.271,107.667,100.956,0.998,11.641
S373,76,0.708,0.159,101.375,110.422,0.998,21.471
S374,68,0.833,0.221,116,119.117,0.998,38.822
S375,63,3.456,0.858,76.6,87.527,0.999,7.517
S376,37,0.505,0.128,46.75,56.771,0.999,9.978
S377,86,2.169,0.648,168.333,147.664,0.997,29.607
S378,211,2.01,0.414,290.441,296.357,0.995,73.399
S379,68,1.322,0.452,91.214,102.279,0.998,25.979
S380,63,0.903,0.254,106.5,112.025,0.998,16.812
S381,64,1.397,0.396,76.667,84.968,0.999,12.614
S382,31,0.451,0.119,38.5,42.195,0.999,8.089
S383,54,0.469,0.111,87.333,97.757,0.998,21.628
S384,40,0.553,0.136,87.5,90.431,0.999,15.759
S385,39,0.495,0.123,49.5,66.688,0.999,9.128
S386,60,1.841,0.624,126.429,135.252,0.998,10.287
S387,75,1.115,0.306,113.154,121.024,0.998,24.305
S388,54,0.907,0.238,71,71.022,0.999,8.889
S389,48,0.723,0.194,65,71.024,0.999,5.248
S1272,50,0.923,0.273,67.273,73.032,0.999,8.373
S390,44,0.729,0.201,63.429,62.241,0.999,18.073
S391,59,0.988,0.277,102.875,99.396,0.998,29.033
S392,41,0.71,0.189,93.5,95.22,0.998,12.764
S393,35,0.435,0.11,56,56.934,0.999,5.129
S394,50,0.771,0.209,69,76.14,0.999,10.154
S395,42,0.677,0.183,69.143,79.652,0.999,8.844
S1273,46,0.759,0.226,77.667,77.599,0.999,12.97
S396,54,0.999,0.319,104.143,105.414,0.998,20.755
S397,46,0.756,0.208,84.5,78.894,0.998,5.798
S398,72,2.6,0.763,86,92.652,0.998,14.536
S399,51,1.792,0.553,62.143,66.341,0.999,6.168
S400,56,0.829,0.209,77,78.855,0.998,11.739
S401,53,0.927,0.258,87.5,90.586,0.998,22.103
S1274,84,1.534,0.467,134.214,143.966,0.997,33.839
S402,33,1.818,0.635,40,40.799,0.999,3.902
S403,59,0.798,0.213,94.1,98.518,0.998,20.66
S404,35,0.575,0.152,48,58.863,0.999,8.086
S405,39,1.014,0.298,42.6,46.686,0.999,8.758
S406,33,0.42,0.107,36.6,41.777,0.999,9.459
S1275,106,2.203,0.644,147.625,156.402,0.997,30.716
S407,43,1.402,0.464,53.111,62.564,0.999,12.524
S1276,117,1.195,0.252,167.214,160.034,0.997,71.158
S408,62,1.469,0.454,85,97.288,0.998,15.39
S1277,49,1.299,0.498,73.429,72.478,0.999,5.958
S409,41,0.973,0.276,58,70.846,0.999,20.778
S410,42,0.565,0.138,57.111,74.874,0.999,5.166
S411,63,1.564,0.548,72.545,74.489,0.999,16.846
S413,85,1.047,0.257,114.062,119.469,0.998,28.596
S414,48,0.614,0.148,67.125,72.464,0.999,22.553
S415,47,0.484,0.123,72.667,88.618,0.998,28.134
S416,57,0.632,0.15,92.1,98.202,0.998,12.072
S417,44,0.565,0.152,54.111,60.279,0.999,5.886
S418,83,1.01,0.259,148,147.219,0.997,30.85
S419,65,2.299,0.677,86.083,99.324,0.998,12.759
S420,62,1.466,0.496,78.5,83.737,0.998,11.579
S421,115,1.533,0.372,160,183.336,0.997,20.716
S422,99,2.161,0.643,136.059,143.812,0.997,25.928
S1278,56,0.841,0.217,68.75,72.809,0.999,7.408
S423,69,2.027,0.573,88.091,99.867,0.998,11.711
S424,51,1.547,0.57,66.111,71.169,0.999,16.157
S425,37,0.406,0.101,45.273,52.865,0.999,10.197
S426,68,1.196,0.385,89.938,98.77,0.998,26.568
S427,35,0.434,0.116,41.6,52.453,0.999,11.98
S428,44,0.525,0.128,54.5,64.182,0.999,9.452
S429,46,0.514,0.124,101.2,105.527,0.998,10.669
S430,71,0.93,0.231,137,126.002,0.998,30.66
S431,43,0.979,0.278,56.333,65.894,0.999,8.916
S432,62,2.094,0.663,132.857,162.042,0.998,9.57
S433,49,1.611,0.491,64.167,63.946,0.999,5.667
S434,87,4.231,0.924,106.091,110.49,0.998,9.488
S435,62,2.777,0.777,90.5,89.963,0.999,7.274
S436,40,0.868,0.23,53,56.885,0.999,7.648
S437,46,0.722,0.19,84,74.1,0.999,19.207
S438,53,1.264,0.353,103.75,127.583,0.998,23.208
S439,102,2.537,0.726,126.8,140.377,0.998,24.768
S440,58,1.67,0.564,79,85.073,0.998,6.134
S441,144,1.461,0.343,238.545,244.593,0.995,95.815
S442,36,0.449,0.113,66.6,75.231,0.999,8.251
S1279,33,0.603,0.155,40.2,39.976,0.999,4.081
S443,45,1.084,0.338,87.167,95.407,0.998,4.864
S444,36,0.423,0.112,47.375,57.26,0.999,4.774
S445,58,1.591,0.574,81,90.238,0.998,17.495
S446,41,0.994,0.304,66.5,75.651,0.999,18.177
S447,37,0.913,0.276,45.25,50.158,0.999,14.632
S448,41,0.823,0.226,58.143,63.529,0.999,7.683
S449,46,0.604,0.159,61.545,70.628,0.999,16.052
S450,72,1.451,0.445,90.75,103.983,0.998,8.314
S1280,41,0.917,0.262,52.143,54.274,0.999,5.11
S451,49,0.813,0.22,76.143,79.064,0.999,9.901
S452,76,2.649,0.741,104.111,102.893,0.998,8.24
S453,58,0.544,0.131,101.875,101.321,0.998,18.81
S454,163,3.984,0.822,212.4,200.482,0.997,42.964
S455,54,0.849,0.226,100.429,92.876,0.998,15.631
S1281,56,1.645,0.576,80.429,77.395,0.999,6.525
S1282,37,1.04,0.393,61,62.303,0.999,11.1
S456,34,0.455,0.113,55,65.415,0.999,8.504
S457,75,0.879,0.229,104.077,106.048,0.998,23.292
S458,45,1.317,0.524,54.714,61.08,0.999,17.524
S459,38,0.478,0.119,55.5,60.053,0.999,11.959
S460,55,1.328,0.407,76,92.399,0.998,15.624
S1283,64,0.826,0.211,107.5,105.764,0.998,14.969
S1284,51,0.635,0.152,86,84.097,0.998,20.982
S461,48,0.966,0.296,63.545,80.902,0.999,6.059
S462,67,0.957,0.26,113.75,144.674,0.998,24.935
S463,44,0.897,0.25,59.111,74.449,0.999,13.715
S464,91,1.519,0.349,134.5,125.752,0.998,22.734
S465,70,1.423,0.41,103.214,116.16,0.998,25.772
S466,49,1.006,0.329,66.1,75.023,0.999,14.047
S467,49,0.798,0.209,61,66.599,0.999,11.517
S468,66,1.429,0.435,102.25,122.545,0.998,19.658
S469,41,0.466,0.12,68.2,65.787,0.999,25.558
S470,42,1.249,0.428,50.25,54.073,0.999,9.294
S471,49,0.92,0.256,69,65.696,0.999,6.5
S1285,80,0.869,0.22,137.273,138.873,0.997,34.307
S472,70,3.292,0.843,89.091,94.58,0.998,8.043
S473,78,2.403,0.701,99.231,105.175,0.998,19.6
S474,50,1.403,0.505,57,66.505,0.999,12.847
S475,49,2.396,0.669,56.8,64.014,0.999,6.057
S476,51,1.979,0.645,58.091,61.699,0.999,13.191
S477,43,0.446,0.116,120,86.502,0.998,22.259
S478,60,1.352,0.528,103.875,102.555,0.998,11.81
S479,36,0.481,0.124,51.167,57.209,0.999,4.403
S480,53,0.612,0.153,62.714,69.021,0.999,11.721
S1286,35,0.471,0.116,40.625,45.695,0.999,5.138
S1287,45,1.012,0.347,60.833,73.89,0.999,14.689
S481,40,0.441,0.106,57.143,60.261,0.999,5.375
S482,39,1.38,0.483,52,58.729,0.999,12.344
S483,47,0.514,0.12,68,86.43,0.998,11.297
S484,44,0.926,0.279,59,68.748,0.999,5.104
S1288,46,0.565,0.145,69.75,78.865,0.999,5.299
S1289,53,0.62,0.15,79.25,83.433,0.998,9.147
S485,75,1.069,0.278,121.5,113.012,0.998,22.588
S486,39,1.258,0.504,61.667,67.561,0.999,5.184
S487,56,2.056,0.602,84.111,98.306,0.998,14.866
S488,53,1.317,0.461,72.125,75.202,0.999,13.005
S1290,64,0.776,0.182,89.091,97.831,0.998,39.409
S489,43,2.105,0.674,55,70.613,0.999,5.47
S490,79,1.209,0.372,126.571,142.028,0.997,39.637
S491,74,0.995,0.245,105.5,114.474,0.998,30.656
S492,57,0.878,0.225,103.429,104.487,0.998,16.774
S1291,41,0.492,0.121,58,71.505,0.999,8.633
S493,62,1.44,0.533,71,81.081,0.999,6.708
S494,57,0.904,0.23,85.111,83.908,0.998,12.72
S495,41,1.034,0.334,51.111,59.422,0.999,17.041
S496,66,1.605,0.507,100.364,106.588,0.998,32.116
S497,58,1.309,0.459,95.5,102.926,0.998,15.55
S498,68,0.864,0.218,134.6,159.761,0.997,15.214
S1292,92,2.18,0.626,114.235,120.743,0.998,25.153
S1293,57,0.909,0.248,87.667,96.359,0.998,12.497
S499,94,0.941,0.238,137.158,151.565,0.997,24.896
S500,53,2.202,0.714,64.769,71.422,0.999,10.339
S501,95,1.253,0.34,189.6,170.731,0.997,26.507
S502,90,1.907,0.614,127.4,133.771,0.998,8.956
S503,46,0.829,0.225,79,89.434,0.998,15.861
S504,32,1.134,0.336,35.5,38.943,0.999,3.898
S505,36,0.314,0.08,46.111,52.384,0.999,5.214
S506,68,0.693,0.156,84.154,91.244,0.998,7.94
S507,45,0.688,0.185,78,96.766,0.998,5.874
S508,49,0.668,0.157,66.5,64.154,0.999,13.096
S509,101,1.125,0.265,131,146.819,0.997,49.383
S510,68,0.673,0.161,84.235,98.29,0.998,6.882
S1294,50,0.511,0.13,67.5,84.121,0.998,9.334
S511,144,2.747,0.715,179.357,191.896,0.997,37.644
S512,42,0.6,0.15,69.143,91.531,0.999,19.943
S1295,63,0.528,0.113,103.625,99.638,0.998,17.43
S513,54,1.197,0.364,68.25,75.082,0.999,12.443
S514,115,2.674,0.67,145,153.778,0.997,38.991
S515,45,0.664,0.171,60.111,69.123,0.999,5.893
S516,47,1.732,0.565,66.429,69.511,0.999,16.991
S517,55,1.23,0.349,67,71.351,0.999,13.363
S518,62,2.138,0.678,83,90.395,0.998,6.964
S519,64,0.559,0.123,91.273,95.385,0.998,20.13
S520,52,1.592,0.56,63.769,73.278,0.999,22.294
S521,39,0.78,0.229,50.375,56.049,0.999,10.281
S522,73,1.746,0.546,135,135.666,0.998,18.474
S523,57,2.043,0.601,74.273,79.723,0.999,10.303
S524,100,0.972,0.207,133.158,147.066,0.997,19.185
S525,61,1.311,0.513,92.071,115.766,0.998,24.92
S526,45,0.726,0.189,60.111,58.401,0.999,25.926
S527,56,1.545,0.508,67.769,74.94,0.999,15.132
S528,44,1.336,0.506,52.667,57.07,0.999,15.833
S529,51,1.117,0.35,64.154,76.081,0.999,9.552
S530,21,0.355,0.089,30,31.854,0.999,3.267
S1296,55,1.314,0.4,88.333,98.358,0.998,15.52
S1297,38,0.472,0.117,55.143,68.841,0.999,19.442
S531,33,1.324,0.454,42.75,45.69,0.999,7.352
S532,94,3.307,0.764,113.091,110.829,0.998,13.53
S533,76,0.971,0.25,97.667,106.809,0.998,17.188
S534,51,1.008,0.304,89.5,83.919,0.998,18.179
S535,46,1.889,0.615,84,87.157,0.999,8.908
S1298,81,0.717,0.163,120.056,150.646,0.997,38.942
S536,65,2.438,0.731,84.462,86.438,0.998,7.458
S537,100,1.202,0.292,194.091,179.429,0.997,55.881
S538,60,0.898,0.237,110.75,109.158,0.998,14.045
S539,50,1.534,0.479,80,80.953,0.998,6.058
S540,53,0.881,0.251,91,76.975,0.999,28.158
S541,66,1.38,0.361,99.333,94.722,0.998,24.833
S542,79,0.822,0.186,105.4,118.336,0.998,27.049
S543,46,0.699,0.192,60.25,75.347,0.999,26.049
S544,50,0.433,0.105,125.6,107.44,0.998,13.773
S545,55,0.802,0.218,73.071,89.221,0.998,11.932
S546,43,0.815,0.206,94,79.392,0.999,12.723
S547,48,0.75,0.204,69.111,77.857,0.999,9.257
S548,50,0.462,0.115,75.3,88.06,0.998,29.452
S549,52,0.796,0.202,67.3,72.829,0.999,12.016
S1299,71,1.723,0.584,100,118.28,0.998,21.498
S550,72,1.057,0.284,105.214,118.367,0.998,46.169
S551,49,0.743,0.199,62.909,69.218,0.999,15.512
S552,106,1.671,0.44,166.545,153.065,0.997,18.078
S553,79,1.152,0.271,106.067,106.275,0.998,18.392
S554,74,2.058,0.572,134,101.793,0.998,8.595
S555,62,1.763,0.513,92.667,93.136,0.998,18.098
S556,48,1.434,0.494,63,69.473,0.999,6.393
S1300,91,2.356,0.718,151.545,141.343,0.997,26.217
S557,54,0.591,0.139,93.429,82.481,0.998,11.079
S558,52,0.772,0.202,79.6,89.253,0.998,18.25
S559,64,1,0.308,95.5,103.276,0.998,36.748
S560,73,1.901,0.668,100.353,122.407,0.998,40.888
S561,41,0.471,0.123,71,88.767,0.998,15.519
S563,65,1.017,0.27,84.25,91.174,0.998,11.261
S1301,52,0.495,0.12,115.25,82.559,0.998,12.936
S564,55,1.614,0.536,101.429,114.094,0.998,15.815
S565,45,0.651,0.17,70.5,66.944,0.999,5.114
S566,55,1.194,0.421,97.857,96.577,0.998,7.197
S567,48,0.48,0.116,78,80.67,0.998,6.132
S568,61,0.528,0.124,90.545,98.869,0.998,13.682
S569,41,0.9,0.241,61,68.9,0.999,5.05
S570,46,0.656,0.171,69.75,85.28,0.999,10.078
S571,34,0.458,0.115,49.167,54.86,0.999,4.4
S572,45,0.406,0.1,75.667,99.851,0.998,5.643
S573,38,0.684,0.182,65.2,63.953,0.999,4.469
S1302,63,0.866,0.221,82.714,96.203,0.998,24.435
S574,75,0.927,0.216,98.077,103.622,0.998,15.115
S575,60,0.907,0.252,85,96.383,0.998,38.522
S576,46,1.964,0.651,54.25,57.913,0.999,10.193
S577,56,1.016,0.358,95,100.301,0.998,16.543
S1303,99,2.751,0.794,199.333,162.325,0.997,50.819
S578,59,0.801,0.214,72.154,77.332,0.999,10.182
S579,58,3.462,0.842,60.143,62.775,1,7.189
S580,73,1.169,0.371,104,117.075,0.998,15.487
S581,56,2.472,0.643,76,74.382,0.999,6.584
S582,58,0.838,0.214,66.5,77.492,0.999,12.891
S583,59,0.824,0.255,125.429,125.607,0.998,27.291
S584,47,1.564,0.56,85,85.812,0.999,9.553
S585,42,0.718,0.188,57.111,66.649,0.999,16.944
S586,35,0.667,0.168,42.2,42.947,0.999,12.548
S587,68,2.063,0.515,101.333,120.898,0.998,14.715
S588,70,2.347,0.743,104.364,105.418,0.998,20.271
S589,101,1.361,0.395,122.577,140.308,0.998,25.498
S1304,40,1.196,0.356,66.25,62.486,0.999,14.897
S590,40,1.269,0.484,70,57.435,0.999,4.535
S1305,57,0.832,0.216,111.167,99.756,0.998,9.957
S591,28,0.33,0.081,54.25,70.639,0.999,26.227
S592,47,0.482,0.119,86.429,98.752,0.998,9.69
S593,101,2.447,0.732,136,141.996,0.997,9.202
S594,53,0.904,0.231,66.125,66.447,0.999,13.131
S595,33,1.142,0.372,39.875,43.44,0.999,4.447
S596,50,1.265,0.398,92.167,87.881,0.998,11.612
S597,66,1.042,0.307,102.25,115.309,0.998,24.793
S598,54,0.803,0.214,62.5,73.594,0.999,10.858
S599,45,0.697,0.176,73.5,76.703,0.999,16.326
S600,201,3.589,0.718,285.913,282.718,0.995,48.274
S601,40,0.448,0.107,43.6,46.53,0.999,15.893
S602,44,0.687,0.177,61,67.373,0.999,5.866
S603,55,1.715,0.501,70.111,75.228,0.999,6.615
S1306,56,1.837,0.62,81,107.247,0.998,30.071
S604,55,0.482,0.111,80.3,88.063,0.998,16.193
S605,95,2.011,0.625,138.938,150.39,0.997,22.853
S606,51,1.545,0.56,101.6,93.987,0.998,12.894
S607,98,1.71,0.535,215.143,149.273,0.997,25.134
S608,54,0.489,0.124,82.111,85.661,0.998,24.788
S609,39,0.555,0.138,45.429,47.427,0.999,5.701
S610,61,0.977,0.258,78.769,87.382,0.998,16.877
S1307,71,1.982,0.657,82.55,95.15,0.998,7.501
S611,66,1.96,0.6,87,95.842,0.998,18.851
S1308,94,0.876,0.225,123.75,132.995,0.997,53.116
S612,62,2.565,0.756,89.143,88.653,0.999,13.673
S613,95,2.393,0.724,119.8,135.445,0.998,41.167
S614,50,2.879,0.804,77.2,72.79,0.999,7.02
S615,73,0.898,0.23,118.091,124.867,0.998,23.704
S616,91,1.197,0.375,157,155.81,0.997,15.786
S617,66,1.742,0.563,76.2,84.225,0.999,18.704
S618,64,1.566,0.492,85.231,95.292,0.998,24.505
S620,47,1.089,0.349,97.6,91.867,0.998,6
S621,64,1.128,0.316,118.375,120.33,0.998,22.254
S622,60,2.095,0.668,79.091,94.306,0.998,6.748
S1309,25,0.07,0.011,36,37.796,0.999,3.149
S623,61,1.462,0.56,94.833,111.199,0.998,13.798
S624,29,0.467,0.122,34.6,37.888,0.999,3.592
S1310,52,1.226,0.435,83.667,77.823,0.999,11.03
S625,74,1.105,0.293,149.429,119.908,0.998,25.575
S626,43,1.318,0.525,76,83.231,0.998,12.552
S627,58,2.003,0.632,73.545,76.086,0.999,15.949
S628,76,1.28,0.368,131.5,143.941,0.997,47.022
S629,78,1.894,0.645,99.938,107.474,0.998,17.663
S630,139,1.391,0.343,236.65,241.412,0.995,65.029
S1312,53,2.046,0.686,68,70.505,0.999,9.031
S1313,73,1.88,0.625,79.176,84.208,0.999,8.365
S1314,78,2.259,0.729,113,134.238,0.997,21.811
S631,43,0.62,0.152,53.5,59.818,0.999,10.42
S632,40,0.516,0.137,55,61.668,0.999,10.512
S633,42,0.482,0.12,65.333,101.514,0.998,4.805
S634,64,1.627,0.538,138.375,148.569,0.997,34.397
S635,48,0.536,0.136,86.5,82.943,0.998,16.622
S1315,50,1.09,0.34,67.143,68.422,0.999,14.75
S636,65,0.679,0.167,115.75,108.152,0.998,14.581
S637,63,1.7,0.577,105,85.987,0.998,10.304
S639,84,1.705,0.439,109.588,118.082,0.998,19.081
S640,78,2.051,0.685,105.188,108.593,0.998,16.676
S641,48,0.597,0.147,67.091,82.143,0.998,20.481
S1316,50,0.803,0.215,57.8,59.285,0.999,10.415
S1317,66,0.677,0.157,98.5,101.526,0.998,17.486
S1318,67,1.631,0.49,90.1,84.965,0.998,13.893
S642,73,1.79,0.595,106,125.391,0.998,21.556
S643,64,1.368,0.415,91.273,102.512,0.998,20.95
S644,17,0.031,0.004,28.25,34.828,0.999,7.366
S645,51,0.747,0.19,64.154,75.641,0.999,27.922
S646,65,1.144,0.262,74.429,74.588,0.999,13.043
S647,73,3.737,0.868,79.111,81.137,0.999,8.67
S648,50,0.814,0.221,71,77.64,0.998,12.274
S649,60,0.947,0.31,114.375,104.941,0.998,18.313
S1319,41,0.694,0.188,56,57.183,0.999,5.046
S650,45,0.833,0.223,62,71.597,0.999,12.451
S651,64,1.539,0.563,97.333,100.049,0.998,22.324
S652,72,0.846,0.186,89.25,100.498,0.998,20.447
S653,98,3.116,0.777,119.231,121.785,0.998,10.31
S655,44,0.711,0.194,86.75,70.555,0.999,15.121
S656,49,0.784,0.209,64.545,70.452,0.999,16.347
S1320,67,0.923,0.237,121.375,118.369,0.998,12.545
S657,42,0.795,0.209,57,63.72,0.999,5.317
S658,63,0.726,0.189,90.188,111.222,0.998,11.101
S659,53,0.77,0.199,93.625,104.275,0.998,11.526
S1321,55,0.24,0.041,78.1,79.77,0.998,14.613
S660,61,0.751,0.199,90.25,98.353,0.998,28.361
S661,60,0.755,0.2,108.333,111.748,0.998,22.322
S662,48,1.067,0.297,63.111,69.504,0.999,11.486
S663,55,0.845,0.224,82.6,91.662,0.998,21.531
S664,61,0.83,0.218,138.5,118.017,0.998,34.447
S665,63,1.697,0.56,75.214,83.081,0.999,14.022
S666,32,0.56,0.149,47.6,63.632,0.999,8.141
S667,53,0.807,0.215,80.6,96.733,0.998,16.406
S668,129,1.447,0.373,233.118,252.227,0.996,49.583
S669,49,0.805,0.212,55.6,59.072,0.999,5.743
S670,43,1.774,0.635,56.6,64.904,0.999,9.296
S671,87,2.851,0.792,133.429,114.24,0.998,11.847
S672,93,1.867,0.554,126.3,139.416,0.997,38.415
S673,41,0.793,0.216,66.5,76.239,0.999,11.045
S674,47,1.52,0.558,82,80.474,0.998,6.262
S675,61,2.577,0.738,76.111,80.4,0.999,7.232
S676,51,0.767,0.21,101.143,110.013,0.998,16.531
S677,61,0.806,0.253,79.056,102.837,0.998,11.026
S678,54,0.828,0.217,77,89.527,0.998,22.775
S679,58,1.185,0.391,75.769,86.858,0.998,20.643
S680,60,1.738,0.582,72.667,82.749,0.999,17.349
S681,83,1.108,0.28,123.071,132.579,0.998,8.713
S1322,33,1.33,0.483,80.5,103.381,0.999,5.413
S1323,56,0.852,0.227,75.091,82.391,0.998,13.873
S682,66,0.767,0.215,115.6,118.637,0.998,7.653
S1324,54,2.472,0.768,73.091,91.082,0.998,13.659
S683,87,0.826,0.188,116.526,131.086,0.998,30.051
S684,44,0.706,0.167,53.1,59.06,0.999,9.14
S1325,69,1.611,0.552,84,89.769,0.998,14.948
S1326,66,0.837,0.225,86.647,103.974,0.998,21.676
S685,68,1.962,0.656,88.312,99.853,0.998,17.138
S686,39,0.615,0.148,46.8,49.324,0.999,5.602
S1327,54,0.857,0.246,90.111,111.483,0.998,17.664
S687,83,1.069,0.257,101.455,119.225,0.998,11.918
S688,71,1.341,0.473,94.4,108.877,0.998,17.638
S689,56,1.254,0.395,81.667,82.18,0.998,6.486
S1328,74,2.104,0.667,108.364,119.457,0.998,15.748
S690,35,0.475,0.123,41.111,48.672,0.999,12.087
S691,76,1.157,0.342,98.545,117.526,0.998,33.522
S692,58,0.928,0.239,84.25,83.116,0.998,29.343
S693,68,3.14,0.794,92.429,86.668,0.999,8.027
S694,47,0.997,0.302,86.429,115.988,0.998,11.693
S695,57,2.02,0.597,72,72.427,0.999,10.46
S696,50,0.609,0.142,75.5,70.951,0.999,12.504
S697,66,0.911,0.298,93,107.624,0.998,38.745
S1329,45,0.614,0.158,70.5,69.742,0.999,5.611
S698,40,0.723,0.193,61.375,86.403,0.999,8.225
S699,41,0.481,0.125,69.5,73.6,0.999,17.664
S700,47,0.98,0.337,75.5,75.25,0.999,5.785
S701,45,0.917,0.256,57,61.803,0.999,5.632
S702,38,1.249,0.415,62,68.552,0.999,20.056
S703,46,1.304,0.5,76,75.468,0.998,5.795
S704,108,3.514,0.8,156.333,139.778,0.998,16.549
S705,31,0.788,0.215,37.429,44.704,0.999,4.359
S1330,57,0.872,0.247,86.545,102.415,0.998,15.106
S706,90,2.456,0.572,126.111,126.03,0.998,22.236
S707,39,0.973,0.342,134,79.036,0.999,4.58
S708,70,0.96,0.262,99,113.027,0.998,33.463
S709,38,0.515,0.133,59,57.097,0.999,4.891
S710,60,1.176,0.372,93.833,117.043,0.998,16.835
S711,91,1.119,0.256,128.714,131.008,0.998,25.641
S712,65,1.709,0.589,90.667,88.514,0.998,17.871
S713,59,0.748,0.205,84.3,89.85,0.998,13.525
S714,53,1.99,0.665,66.154,79.006,0.999,23.035
S715,99,1.831,0.453,156,156.733,0.997,17.424
S716,48,0.72,0.184,60,64.539,0.999,9.219
S717,86,1.521,0.416,105.5,117.191,0.998,17.183
S718,43,0.907,0.251,52.75,55.63,0.999,10.013
S719,70,1.681,0.517,142.5,113.572,0.998,12.179
S720,49,0.749,0.191,74.5,70.783,0.999,6.24
S721,65,1.736,0.473,84.125,78.318,0.999,6.872
S722,69,1.184,0.344,100.5,105.242,0.998,32.719
S723,65,1.285,0.44,83.071,92.772,0.998,39.738
S724,50,0.906,0.252,96,91.818,0.998,13.892
S1331,51,1.617,0.549,66.3,79.898,0.999,12.716
S725,49,0.736,0.203,99,93.318,0.998,8.535
S726,45,0.884,0.241,64.125,73.321,0.999,13.258
S1332,62,1.495,0.558,78.154,81.036,0.998,9.239
S1333,42,1.238,0.373,68.25,61.677,0.999,5.542
S727,88,1.665,0.547,123.769,125.126,0.998,35.097
S728,38,1.339,0.528,49.667,58.934,0.999,10.683
S729,57,1.407,0.468,67.059,72.736,0.999,14.713
S730,106,3.234,0.769,129.214,134.261,0.998,48.74
S731,45,1.216,0.374,70.5,71.375,0.999,10.753
S732,36,1.176,0.466,58.75,51.28,0.999,12.347
S733,100,1.611,0.562,125.5,138.406,0.998,44.741
S734,42,0.937,0.253,51.429,53.197,0.999,9.935
S1334,49,0.477,0.11,57.75,63.788,0.999,6.432
S735,54,0.741,0.194,83.545,101.248,0.998,10.103
S1335,62,1.908,0.642,144.667,145.567,0.998,14.772
S737,89,0.729,0.164,134,135.849,0.997,18.075
S738,34,1.533,0.592,56.667,77.807,0.999,15.694
S739,49,0.614,0.155,66.1,75.931,0.999,20.198
S740,64,0.838,0.202,101.5,96.714,0.998,13.934
S741,46,1.667,0.588,52.5,61.48,0.999,6.258
S742,61,0.562,0.133,104.875,104.712,0.998,31.89
S1336,45,1.82,0.598,75.6,76.951,0.999,10.843
S743,57,1.263,0.492,80.077,97.951,0.998,29.049
S744,51,0.514,0.124,74.1,89.418,0.998,13.288
S745,95,2.095,0.656,134,144.287,0.997,28.599
S746,65,1.153,0.293,107,111.001,0.998,38.656
S747,48,1.705,0.579,69.111,85.437,0.999,13.258
S748,62,1.809,0.591,122,107.628,0.998,11.3
S1337,50,0.769,0.203,78.111,94.563,0.998,16.209
S749,44,1.368,0.541,72.5,79.035,0.999,12.897
S750,54,1.337,0.437,75,82.242,0.998,13.057
S751,47,1.52,0.457,82,76.48,0.998,5.419
S752,50,0.803,0.207,69.125,72.921,0.999,16.649
S753,50,0.808,0.208,71.375,75.863,0.999,10.695
S754,45,1.34,0.528,56.333,66.036,0.999,14.875
S755,43,0.445,0.111,70.2,62.251,0.999,14.106
S756,42,0.711,0.196,55.333,63.077,0.999,21.706
S757,87,1.575,0.495,120,125.459,0.998,10.136
S758,43,0.914,0.279,64.375,68.096,0.999,5.429
S1338,47,0.793,0.209,66,78.42,0.999,12.102
S759,57,0.785,0.204,70.125,82.338,0.998,10.286
S1339,50,1.828,0.654,57.8,63.018,0.999,5.315
S760,52,1.293,0.44,62.111,63.5,0.999,5.792
S761,52,0.877,0.236,88.143,91.401,0.998,12.973
S762,60,0.834,0.234,81.231,96.458,0.998,13.332
S1340,114,3.189,0.802,119.758,128.264,0.999,44.671
S763,57,3.26,0.856,70.6,83.664,0.999,10.763
S1341,103,1.602,0.534,174.75,174.012,0.997,48.181
S764,62,0.883,0.243,89.083,93.735,0.998,28.056
S765,37,0.494,0.123,52,59.684,0.999,7.932
S766,42,0.854,0.229,60.2,56.07,0.999,11.471
S767,78,1.088,0.289,121.154,131.716,0.998,9.293
S768,70,0.855,0.202,87.5,90.996,0.998,7.85
S769,57,1.982,0.646,65.5,69.4,0.999,11.176
S770,48,0.449,0.109,94,95.225,0.998,20.575
S771,39,1.864,0.689,46.8,54.72,0.999,5.817
S772,35,0.851,0.247,41.875,48.498,0.999,7.404
S773,66,1.391,0.532,105.545,113.782,0.998,22.751
S1342,58,0.712,0.182,86.111,84.267,0.998,30.439
S774,59,0.816,0.219,68.5,80.124,0.999,14.63
S775,71,1.887,0.621,92.231,93.301,0.998,14.625
S776,52,0.812,0.221,59.5,62.864,0.999,6.298
S777,55,1.244,0.359,93,77.708,0.999,6.676
S778,50,1.191,0.374,69,80.331,0.999,8.833
S779,55,0.741,0.187,80.667,85.09,0.998,21.633
S780,72,1.115,0.341,97.375,111.345,0.998,17.443
S781,97,1.829,0.536,115.913,133.867,0.998,30.234
S782,55,1.487,0.557,109.167,106.401,0.998,9.086
S783,68,2.345,0.657,83.545,85.677,0.999,6.937
S784,21,0.276,0.06,57,32.318,0.999,5.591
S785,63,1.423,0.552,105.273,124.404,0.998,23.168
S1343,253,4.964,0.939,275.56,284.349,0.996,163.083
S787,64,0.966,0.251,109.091,135.056,0.998,14.603
S788,43,1.596,0.589,52.75,54.119,0.999,9.799
S1344,44,0.476,0.112,129.5,70.96,0.999,12.11
S789,60,0.898,0.244,89.545,106.414,0.998,13.36
S790,35,0.755,0.219,50.6,50.187,0.999,13.688
S791,80,1.424,0.534,111.167,131.811,0.998,39.075
S792,40,0.411,0.1,68.5,74.601,0.999,4.661
S793,52,0.818,0.222,78.25,79.901,0.998,14.648
S1345,59,1.319,0.369,99.625,110.36,0.998,13.741
S794,63,3.044,0.813,67.714,73.959,0.999,7.428
S795,62,0.908,0.259,99.5,93.039,0.998,13.433
S796,42,1.239,0.372,57.6,55.17,0.999,13.543
S797,63,0.612,0.147,78,85.473,0.998,18.313
S798,49,0.524,0.134,95,93.352,0.998,12.383
S799,68,1.982,0.624,84.5,96.014,0.998,7.624
S800,52,1.902,0.637,90.5,76.682,0.998,6.237
S801,44,0.469,0.114,74.6,68.05,0.999,8.936
S802,54,1.516,0.482,81.143,80.283,0.999,6.024
S803,62,1.663,0.578,114.8,143.734,0.998,25.064
S804,58,2.375,0.697,65.583,75.284,0.999,6.497
S805,48,2.063,0.68,65.5,64.873,0.999,4.957
S806,78,1.984,0.619,103.071,107.133,0.998,8.21
S807,84,1.484,0.389,104.647,114.128,0.998,31.038
S808,54,0.539,0.133,69.833,77.707,0.999,22.424
S809,63,1.783,0.572,84.083,94.704,0.998,10.669
S810,56,0.755,0.19,68.75,73.26,0.999,6.853
S811,32,0.485,0.12,39.857,48.646,0.999,7.909
S812,50,0.758,0.209,69,69.322,0.999,24.662
S813,82,1.913,0.513,113.909,112.544,0.998,8.883
S814,68,0.609,0.146,106.75,112.585,0.998,18.745
S815,46,0.848,0.239,67,84.551,0.998,12.565
S816,58,1.731,0.586,92.5,99.31,0.998,6.266
S817,60,1.619,0.579,79.462,85.969,0.998,22.724
S818,38,0.556,0.135,55.5,62.508,0.999,10.675
S819,41,0.827,0.227,79.25,66.31,0.999,13.593
S820,112,2.102,0.643,176.688,184.062,0.997,26.944
S821,52,1.546,0.474,69,71.53,0.999,13.882
S822,44,0.543,0.135,107.25,90.878,0.998,8.561
S823,43,1.045,0.325,55.364,76.756,0.999,9.355
S824,51,0.762,0.2,78.6,97.941,0.998,22.071
S825,41,0.93,0.302,56,67.183,0.999,10.993
S826,66,1.297,0.386,102.909,109.924,0.998,27.969
S827,66,0.559,0.124,101.1,101.208,0.998,11.895
S828,42,0.891,0.242,57,64.356,0.999,8.311
S829,111,2.423,0.68,168.4,173.69,0.997,46.635
S830,59,0.765,0.211,84.667,88.176,0.998,7.161
S1346,66,1.497,0.516,82.5,87.648,0.998,23.516
S831,62,1.281,0.457,93.909,99.297,0.998,6.753
S832,57,0.882,0.231,80.75,76.691,0.999,18.532
S1347,50,1.05,0.373,92.167,89.009,0.998,21.807
S833,46,1.6,0.478,93.5,92.07,0.999,5.773
S834,55,0.917,0.273,72.5,83.372,0.998,9.212
S835,83,0.706,0.163,133.214,147.171,0.997,14.555
S836,67,1.186,0.324,92.091,97.545,0.998,17.756
S1348,46,1.197,0.354,65.125,71.8,0.999,6.219
S838,68,0.907,0.246,93.2,103.759,0.998,22.692
S839,42,0.598,0.145,57,60.144,0.999,5.735
S840,53,0.183,0.03,93.625,90.5,0.998,25.677
S841,47,0.987,0.318,60.333,62.405,0.999,15.126
S842,42,0.453,0.113,47.5,54.029,0.999,11.498
S843,45,1.476,0.549,49.5,51.425,0.999,8.942
S844,31,0.449,0.121,34,36.069,0.999,3.541
S845,87,1.8,0.575,99.5,110.521,0.998,24.518
S846,38,1.424,0.482,40.625,41.043,0.999,6.309
S847,40,1.019,0.3,85.333,67.226,0.999,17.354
S848,55,1.449,0.516,120,101.74,0.998,9.075
S849,73,1.782,0.516,108.429,131.25,0.998,27.707
S850,58,1.068,0.299,96.5,84.552,0.998,11.746
S1349,109,1.404,0.355,165,199.904,0.996,40.066
S851,39,0.521,0.128,64.5,85.778,0.999,5.37
S852,50,1.01,0.284,62,66.658,0.999,5.865
S853,45,0.685,0.178,64.429,65.689,0.999,10.396
S854,44,0.612,0.153,61,69.329,0.999,5.842
S855,58,0.941,0.257,75.1,75.626,0.999,10.655
S1350,64,0.623,0.149,104.6,118.323,0.998,15.03
S856,45,0.559,0.142,65,60.758,0.999,6.094
S857,52,0.902,0.264,67.833,74.537,0.999,12.628
S858,37,0.902,0.308,52,58.531,0.999,6.839
S859,61,3.378,0.863,91,94.507,0.998,12.755
S860,82,2.585,0.769,106.8,130.209,0.998,18.909
S861,61,1.73,0.594,123,151.387,0.998,13.499
S862,59,1.121,0.354,82.333,81.64,0.998,11.494
S863,83,2.624,0.751,125.273,130.187,0.998,16.5
S864,53,1.004,0.302,70.5,76.985,0.998,11.527
S865,53,0.987,0.283,81.875,84.752,0.998,6.919
S866,72,1.372,0.375,95.077,96.75,0.998,28.132
S867,47,0.218,0.037,62,63.432,0.999,10.237
S868,72,2.571,0.765,100.875,94.64,0.998,12.709
S869,79,0.816,0.179,97.75,108.64,0.998,8.884
S870,57,1.189,0.368,72.833,82.195,0.999,14.104
S871,93,2.143,0.637,142.4,155.213,0.997,26.67
S872,57,0.652,0.163,82.3,85.644,0.998,10.36
S873,46,0.446,0.106,69.333,82.624,0.998,15.023
S874,39,0.448,0.114,52,54.936,0.999,16.595
S875,93,2.736,0.762,122,130.888,0.998,18.56
S876,56,0.622,0.152,63.556,78.794,0.999,22.276
S877,58,0.69,0.17,97,107.268,0.998,10.056
S878,51,0.496,0.123,68.273,86.069,0.999,25.4
S879,92,2.54,0.635,132.615,139.791,0.998,18.032
S1351,91,0.925,0.231,130,147.094,0.997,25.276
S1352,92,2.421,0.687,116.167,119.594,0.998,20.234
S880,38,0.507,0.123,68.333,54.301,0.999,9.167
S1353,50,0.515,0.132,69.091,76.758,0.998,10.823
S881,50,0.575,0.136,65.111,70.228,0.999,6.431
S882,40,0.769,0.211,50.111,56.188,0.999,5.24
S883,51,0.77,0.196,74.75,76.091,0.999,10.235
S884,56,0.676,0.162,99.875,110.665,0.998,14.124
S885,57,2.063,0.678,88.909,132.071,0.998,16.726
S886,74,0.801,0.186,115.333,124.139,0.998,19.108
S887,41,1.007,0.356,56.111,70.027,0.999,5.293
S888,55,1.064,0.309,86.625,86.392,0.998,5.942
S889,47,0.517,0.131,77,78.091,0.998,5.737
S890,63,0.851,0.214,70.059,74.92,0.999,7.157
S891,39,2.112,0.696,63,60.73,0.999,8.948
S892,43,0.718,0.192,89.2,90.158,0.998,16.503
S893,53,0.618,0.143,65.75,73.209,0.999,6.205
S894,12,0.022,0.003,14.5,15.643,1,1.877
S895,46,0.624,0.172,67.857,69.745,0.999,12.99
S896,81,2.122,0.679,114.462,121.928,0.998,18.516
S897,35,0.418,0.111,42.8,52.935,0.999,11.841
S898,53,1.781,0.633,89.143,99.608,0.998,17.155
S899,44,0.77,0.207,53.1,64.504,0.999,9.563
S900,73,2.431,0.733,90.1,91.533,0.999,12.196
S901,55,1.806,0.589,74.091,85.772,0.998,25.856
S902,65,1.039,0.265,119.375,116.574,0.998,15.734
S1354,51,1.343,0.539,93.167,84.17,0.998,12.298
S903,74,0.496,0.092,87.588,93.667,0.998,16.749
S904,69,1.697,0.53,90.429,95.707,0.998,13.491
S905,40,0.71,0.2,74.2,70.39,0.999,5.057
S906,47,0.587,0.143,64,72.448,0.999,5.294
S1355,95,1.525,0.438,134.176,141.769,0.997,11.367
S907,50,1.355,0.437,78.111,88.308,0.998,5.792
S908,16,1.194,0.384,19,20.823,1,1.396
S909,54,1.465,0.437,71,74.962,0.999,6.136
S910,54,1.467,0.422,96.167,90.064,0.998,6.296
S911,86,1.643,0.441,125.545,122.585,0.998,15.077
S912,136,3.824,0.882,215.5,228.43,0.996,76.027
S913,91,1.223,0.283,118.353,129.719,0.998,39.229
S914,29,0.479,0.121,51.5,45.636,0.999,2.801
S915,93,2.499,0.707,104.5,120.303,0.998,9.79
S916,61,1.891,0.658,127,137.205,0.998,17.554
S917,54,1.23,0.442,100.429,103.527,0.998,10.25
S918,56,1.338,0.486,111.2,93.889,0.998,6.87
S919,36,0.468,0.121,57,60.602,0.999,10.871
S920,64,1.051,0.274,106.857,97.049,0.998,12.849
S921,53,0.929,0.297,78.091,87.446,0.998,7.453
S922,56,1.983,0.549,75,79.342,0.999,13.365
S923,39,1.341,0.449,81.75,90.809,0.999,5.307
S1356,60,1.451,0.467,81.083,87.978,0.998,16.3
S924,57,1.935,0.643,78,94.25,0.998,19.415
S925,83,0.778,0.172,118.429,126.145,0.998,16.338
S926,40,0.432,0.104,64,62.407,0.999,5.082
S927,43,1.038,0.424,85.167,99.661,0.998,10.131
S928,40,0.527,0.136,65.5,70.079,0.999,4.806
S929,48,0.481,0.118,106.5,127.944,0.998,16.871
S930,43,0.564,0.145,56.333,63.166,0.999,9.178
S1357,68,1.968,0.663,99.5,105.17,0.998,8.098
S931,45,0.54,0.13,57.364,70.517,0.999,13.584
S932,75,0.981,0.249,110.1,101.958,0.998,20.87
S934,66,2.081,0.686,102.909,116.167,0.998,15.192
S935,38,0.7,0.186,51.125,59.148,0.999,11.759
S1358,38,1.24,0.405,68.6,74.107,0.999,5.445
S936,40,0.707,0.22,50.5,57.896,0.999,9.493
S937,54,1.425,0.451,78.429,77.046,0.999,10.052
S938,28,0.913,0.278,31,32.866,1,2.765
S939,82,1.632,0.51,139.273,141.475,0.997,34.913
S940,48,1.102,0.338,63.111,68.465,0.999,10.44
S941,39,0.431,0.104,61.667,64.263,0.999,8.67
S942,66,0.916,0.23,108.273,125.088,0.998,15.515
S943,31,0.189,0.038,53.667,66.553,0.999,10.629
S1359,35,0.808,0.22,46.375,59.64,0.999,4.541
S944,40,0.992,0.322,46.875,48.725,0.999,5.466
S945,21,0.836,0.299,25.2,29.171,0.999,6.957
S946,62,1.458,0.48,108.5,130.414,0.998,14.375
S947,42,0.511,0.13,50.273,57.518,0.999,5.218
S948,87,1.94,0.636,132,135.411,0.997,34.195
S949,33,0.497,0.129,51.2,56.106,0.999,14.591
S1360,29,0.444,0.118,42.75,46.201,0.999,13.425
S950,43,0.502,0.128,94,67.416,0.999,9.189
S951,74,1.76,0.554,88.882,95.436,0.998,8.45
S1361,33,0.782,0.228,40.857,50.914,0.999,7.135
S1362,51,1.657,0.515,57,61.935,0.999,9.611
S952,72,1.503,0.556,95.4,101.634,0.998,24.603
S953,42,1.86,0.661,99,82.992,0.999,5.23
S954,53,0.584,0.145,103.6,91.039,0.998,12.68
S955,69,1.459,0.425,95.25,87.42,0.998,23.554
S956,56,0.783,0.238,93.5,88.862,0.998,6.458
S1363,64,0.75,0.191,91,98.195,0.998,8.13
S957,53,1.164,0.393,83.667,92.422,0.998,16.79
S958,63,1.899,0.658,90.083,97.211,0.998,12.842
S959,53,2.885,0.789,80.2,77.38,0.999,9.925
S960,65,0.822,0.207,88,89.631,0.998,28.688
S961,75,2.359,0.692,104.25,107.109,0.998,7.981
S962,58,0.696,0.173,88,96.615,0.998,7.051
S963,45,0.774,0.205,62,67.167,0.999,5.344
S964,78,1.654,0.578,109.071,117.999,0.998,20.64
S965,56,0.55,0.127,72.154,88.464,0.998,13.581
S966,57,0.472,0.111,78.231,92.117,0.998,6.557
S967,69,0.944,0.262,112.154,133.499,0.998,24.439
S968,41,0.719,0.191,66.5,67.609,0.999,24.556
S969,57,0.809,0.199,80.333,81.228,0.998,6.527
S970,60,1.804,0.598,83.1,97.009,0.998,12.703
S971,55,0.588,0.138,74,81.526,0.999,6.855
S972,67,1.67,0.586,118.667,116.004,0.998,27.975
S973,80,1.096,0.293,103.882,116.751,0.998,12.368
S974,66,0.601,0.142,93,95.053,0.998,24.662
S975,53,0.789,0.216,74,76.627,0.998,10.035
S976,47,0.802,0.216,71.429,71.172,0.999,5.888
S977,63,0.863,0.232,115.8,124.26,0.998,30.679
S978,73,0.877,0.204,94.231,98.074,0.998,16.873
S979,57,0.517,0.123,83.25,80.025,0.998,10.449
S980,78,1.159,0.341,113,141.71,0.997,11.75
S981,36,0.482,0.115,40.5,43.67,0.999,4.45
S982,57,1.199,0.362,68.769,76.443,0.999,6.436
S983,73,0.688,0.146,104.5,104.914,0.998,8.146
S1364,51,1.212,0.372,74.1,98.507,0.998,6.548
S984,51,0.55,0.134,72,78.408,0.998,11.007
S985,80,1.784,0.641,139.125,173.212,0.997,12.677
S986,68,1.997,0.537,83.545,90.353,0.999,7.827
S1365,41,1.158,0.335,54.125,55.931,0.999,8.41
S987,60,0.799,0.185,75.545,82.334,0.999,13.198
S988,56,1.007,0.246,63,66.326,0.999,6.444
S989,42,1.244,0.465,94.5,94.275,0.998,18.306
S1366,69,1.104,0.318,80.176,88.127,0.999,21.167
S990,53,0.464,0.11,103.143,100.122,0.998,6.57
S991,49,1.418,0.479,75.25,77.58,0.998,21.437
S1367,56,1.408,0.427,96.6,129.817,0.998,22.241
S992,31,0.953,0.275,35.2,37.853,0.999,3.376
S993,48,1.307,0.472,69.375,76.363,0.999,31.633
S994,57,2.091,0.679,83.25,84.122,0.998,7.146
S995,51,1.316,0.416,116,100.865,0.998,20.499
S996,52,1.253,0.464,71.091,74.536,0.998,9.55
S997,53,0.776,0.206,78.667,82.163,0.998,12.189
S998,59,2.759,0.774,67.571,76.745,0.999,6.731
S999,37,1.341,0.537,61,67.067,0.999,7.981
S1000,41,0.742,0.205,71.6,63.423,0.999,12.648
S1001,92,3.651,0.872,135.5,128.758,0.998,9.947
S1368,32,0.419,0.114,62,68.045,0.999,5.055
S1002,30,0.429,0.114,34,36.999,0.999,2.985
S1003,45,0.607,0.159,62,66.197,0.999,5.943
S1004,65,2.066,0.627,76.875,97.018,0.999,7.081
S1005,60,1.082,0.365,91.071,114.082,0.998,24.167
S1006,50,1.473,0.552,83,91.988,0.998,10.467
S1369,59,1.361,0.443,82,94.673,0.998,7.035
S1007,58,0.898,0.23,145,130.303,0.998,25.107
S1008,39,0.494,0.125,56.143,68.166,0.999,9.551
S1009,64,1.454,0.542,81.25,100.032,0.998,12.508
S1010,46,0.769,0.21,73.143,75.317,0.999,11.423
S1011,64,2.69,0.768,91.143,87.424,0.999,7.072
S1012,50,0.836,0.216,69,89.433,0.999,13.145
S1013,69,1.877,0.565,94.3,92.643,0.998,7.116
S1014,43,0.5,0.121,78,85.434,0.998,11.558
S1015,49,1.362,0.515,72.75,74.81,0.999,6.255
S1016,57,0.619,0.15,82.3,90.351,0.998,16.209
S1017,61,0.952,0.235,71.929,79.583,0.999,8.683
S1018,48,1.303,0.469,75.143,79.435,0.999,11.663
S1019,35,1.329,0.534,46,46.285,0.999,7.366
S1020,52,1.407,0.554,73.111,76.213,0.999,9.392
S1022,40,0.477,0.123,53.6,69.812,0.999,16.317
S1023,52,0.597,0.141,74.667,67.708,0.999,9.399
S1024,60,0.561,0.127,71.769,80.184,0.999,7.856
S1370,69,1.197,0.378,100.231,113.21,0.998,8.971
S1025,65,1.136,0.296,96.5,112.998,0.998,11.144
S1371,95,1.091,0.251,147.5,142.241,0.997,24.351
S1026,75,3.199,0.828,129.167,114.812,0.998,9.011
S1372,86,1.254,0.323,149.909,144.737,0.997,32.845
S1027,52,0.457,0.107,118.429,144.095,0.998,14.146
S1028,66,0.528,0.131,246.6,230.898,0.997,38.647
S1029,102,2.408,0.682,159,148.448,0.997,18.865
S1373,66,1.35,0.47,97.5,107.535,0.998,16.219
S1030,39,1.146,0.388,63,68.099,0.999,10.293
S1374,98,2.612,0.75,149,143.123,0.998,19.603
S1031,65,1.348,0.407,101.909,108.33,0.998,16.002
S1032,46,0.518,0.122,57.667,66.663,0.999,5.886
S1033,60,1.357,0.404,86.25,88.308,0.998,7.105
S1035,45,0.473,0.117,72.143,80.758,0.999,25.122
S1036,104,1.431,0.459,133.75,136.584,0.997,17.034
S1037,55,0.712,0.186,90.1,108.852,0.998,7.303
S1038,52,0.544,0.127,71.25,93.304,0.998,14.01
S1375,66,1.82,0.6,89.1,95.156,0.998,7.555
S1039,61,0.922,0.256,103,110.354,0.998,7.348
S1040,57,1.955,0.675,104.25,109.653,0.998,10.675
S1041,55,1.701,0.565,98.875,122.99,0.998,6.217
S1042,50,0.551,0.137,69,76.348,0.999,14.707
S1043,42,1.534,0.468,44.769,47.136,0.999,10.091
S1376,112,3.745,0.829,133,131.443,0.998,10.432
S1044,82,2.051,0.666,137.5,137.691,0.997,18.519
S1045,23,0.399,0.101,38,48.678,0.999,2.299
S1046,78,1.405,0.474,109.071,115.932,0.998,23.177
S1047,43,0.407,0.098,58.3,70.08,0.999,10.146
S1048,45,0.959,0.264,96,69.778,0.999,10.703
S1049,34,0.464,0.116,42.25,51.43,0.999,4.906
S1050,51,2.828,0.739,51,51.642,1,7.228
S1051,52,2.668,0.807,71.091,91.737,0.998,6.387
S1052,67,1.221,0.347,86.462,90.314,0.998,21.136
S1053,47,1.673,0.589,60.6,71.225,0.999,6.301
S1377,54,1.232,0.431,73,66.76,0.999,11.478
S1378,48,0.787,0.207,67.125,73.568,0.999,5.549
S1379,81,0.934,0.273,141.545,131.725,0.997,27.37
S1054,56,0.853,0.216,75,85.699,0.999,6.209
S1055,80,1.621,0.506,95,106.684,0.998,16.617
S1056,64,1.735,0.522,122.125,119.931,0.998,7.226
S1380,50,0.971,0.299,67.273,78.852,0.999,19.36
S1057,68,0.496,0.115,105.714,120.001,0.998,31.821
S1058,74,0.894,0.229,105.071,109.718,0.998,29.419
S1059,83,2.044,0.656,114,118.505,0.998,9.627
S1060,58,1.043,0.286,133.6,106.24,0.998,15.505
S1061,55,1.342,0.419,80,104.318,0.998,28.168
S1381,45,1.307,0.418,73.5,75.425,0.999,5.592
S1062,76,2.497,0.709,92.5,98.233,0.998,9.154
S1063,29,0.42,0.107,31.5,33.437,1,3.574
S1382,66,3.036,0.815,86,81.698,0.999,11.711
S1064,53,0.743,0.177,76.333,76.372,0.998,10.021
S1065,46,1.106,0.351,53.5,67.316,0.999,15.516
S1066,63,1.688,0.557,117.375,125.652,0.998,26.15
S1067,45,1.67,0.53,51,55.908,0.999,5.425
S1068,70,0.817,0.217,148.111,166.555,0.997,17.003
S1069,50,1.711,0.566,88.5,91.381,0.998,12.152
S1070,90,1.231,0.33,114.792,135.42,0.997,19.73
S1071,79,1.682,0.578,101.556,116.773,0.998,36.39
S1072,79,0.978,0.254,127,129.127,0.998,11.836
S1383,92,0.972,0.223,125,133.956,0.998,62.433
S1073,53,1.438,0.502,83.667,90.363,0.998,10.594
S1384,60,1.619,0.543,85.091,92.631,0.998,6.666
S1074,65,1.344,0.534,131.429,119.696,0.998,25.956
S1075,103,1.894,0.577,140,154.685,0.997,64.212
S1076,78,1.377,0.369,122,130.157,0.998,19.356
S1077,39,0.456,0.122,96.75,89.672,0.998,18.097
S1385,57,1.684,0.547,72.812,90.075,0.998,9.51
S1078,67,2.779,0.702,136,102.071,0.998,8.099
S1079,76,1.419,0.354,90.615,96.357,0.999,10.711
S1080,47,1.332,0.536,68.111,77.678,0.999,16.031
S1081,40,0.765,0.204,45.143,45.796,0.999,11.777
S1082,57,0.8,0.215,84.6,88.823,0.998,12.434
S1083,64,1.568,0.431,111.25,127.688,0.998,11.798
S1084,66,2.574,0.678,129.25,96.777,0.998,7.671
S1085,39,0.464,0.114,67.5,82.191,0.999,17.199
S1087,35,0.465,0.114,70,64.71,0.999,4.566
S1088,70,0.558,0.126,90.312,102.415,0.998,30.424
S1089,36,1.424,0.553,51.167,55.538,0.999,10.482
S1090,56,1.151,0.312,75.25,87.787,0.998,10.408
S1091,57,1.125,0.435,80.4,108.024,0.998,28.83
S1092,73,0.984,0.27,110.714,128.283,0.998,19.356
S1093,61,1.395,0.46,97.25,114.808,0.998,17.804
S1094,57,1.547,0.534,80.75,80.497,0.999,18.207
S1095,45,1.304,0.457,62,66.223,0.999,5.799
S1096,49,1.831,0.645,58.231,64.069,0.999,9.076
S1386,38,1.814,0.664,56.2,59.453,0.999,9.067
S1097,68,2.104,0.647,79.875,85.702,0.999,12.327
S1098,52,1.705,0.556,62.909,71.253,0.999,10.405
S1099,53,1.283,0.429,68.545,78.819,0.999,6.785
S1100,43,1.954,0.693,54.375,60.001,0.999,9.191
S1101,28,0.404,0.109,47.5,54.193,0.999,10.062
S1102,56,0.875,0.227,89.333,103.875,0.998,17.936
S1103,59,1.752,0.536,76.25,95.622,0.998,32.967
S1104,69,0.598,0.136,84.812,88.912,0.998,28.395
S1105,85,1.318,0.443,111.4,115.938,0.998,14.413
S1106,64,3.25,0.854,77.333,80.8,0.999,6.894
S1107,65,0.981,0.235,76.333,82.671,0.999,12.777
S1108,68,2.106,0.657,80.75,83.372,0.999,12.003
S1109,92,1.836,0.438,102,110.303,0.999,9.86
S1387,50,1.098,0.387,69,79.302,0.999,12.543
S1110,42,0.462,0.111,57,61.168,0.999,8.461
S1111,67,2.072,0.586,92.667,96.579,0.998,7.473
S1112,10,0.039,0.006,10,10.364,1,1.169
S1113,49,1.255,0.414,109,108.731,0.998,11.923
S1114,51,0.712,0.186,64.154,74.126,0.999,13.58
S1115,35,1.523,0.568,42.857,49.147,0.999,3.933
S1116,51,1.074,0.334,77.25,79.421,0.998,6.396
S1117,36,0.514,0.136,45.75,53.566,0.999,8.806
S1118,39,0.503,0.12,48.429,49.761,0.999,5.09
S1119,59,0.797,0.215,82.077,95.725,0.998,9.937
S1120,85,1.006,0.22,108.077,108.309,0.998,17.745
S1121,44,2.118,0.696,86,93.79,0.998,5.738
S1122,49,1.345,0.412,68,78.535,0.999,11.761
S1123,50,0.765,0.229,71.111,74.329,0.999,9.832
S1124,69,2.771,0.767,84.3,85.501,0.999,6.968
S1125,61,0.508,0.123,127,130.502,0.998,13.198
S1126,60,1.037,0.354,81.083,89.526,0.998,18.259
S1127,63,0.658,0.152,121.5,102.435,0.998,16.632
S1128,68,1.49,0.438,93,99.993,0.998,22.508
S1129,237,2.716,0.525,330.068,372.823,0.993,145.636
S1388,67,0.729,0.171,82.4,95.395,0.998,11.37
S1130,59,0.759,0.185,80.083,86.356,0.998,7.155
S1131,85,0.956,0.232,131.867,156.183,0.997,16.867
S1389,66,2.013,0.673,102.909,120.504,0.998,13.783
S1132,44,0.867,0.248,63,75.024,0.999,5.696
S1133,40,0.495,0.122,97,77.999,0.999,15.467
S1134,39,0.49,0.125,48.75,58.272,0.999,17.404
S1135,44,1.121,0.342,57.125,63.052,0.999,9.192
S1136,68,0.85,0.246,105.714,117.899,0.998,31.893
S1137,74,1.932,0.628,132,110.89,0.998,8.161
S1138,85,2.241,0.679,118.067,129.052,0.998,39.041
S1139,85,1.626,0.569,112.067,119.197,0.998,34.154
S1140,34,0.45,0.118,64,65.035,0.999,8.074
S1141,48,0.506,0.131,98,102.221,0.998,19.505
S1390,49,1.486,0.462,61.75,71.704,0.999,5.692
S1142,50,1.137,0.381,65.111,68.962,0.999,6.334
S1391,71,1.066,0.247,94,100.422,0.998,10.571
S1143,50,0.447,0.106,84.5,93.18,0.998,19.829
S1392,25,1.24,0.461,29,31.182,0.999,3.924
S1144,81,0.912,0.234,172.111,150.213,0.997,8.293
S1145,54,1.719,0.52,79.667,88.66,0.998,20.627
S1393,59,2.676,0.762,68.545,73.461,0.999,6.562
S1146,50,1.132,0.405,60.462,73.001,0.999,25.056
S1147,70,0.869,0.23,91.667,100.921,0.998,11.175
S1148,44,1.354,0.458,65.857,82.335,0.999,23.49
S1149,62,0.613,0.143,90.111,90.045,0.998,6.121
S1150,89,1.43,0.544,147.235,167.031,0.997,36.986
S1151,68,3.054,0.809,91.333,97.517,0.998,8.219
S1152,159,2.867,0.67,202.556,213.357,0.996,16.971
S1153,45,0.82,0.225,75,84.201,0.998,25.177
S1154,61,2.246,0.704,115.167,121.192,0.998,10.555
S1155,54,1.309,0.535,97.875,98.174,0.998,6.748
S1156,45,1.041,0.296,58.909,77.296,0.999,9.801
S1157,43,0.944,0.3,85,82.911,0.998,25.542
S1158,59,2.132,0.694,146,121.485,0.998,10.615
S1159,45,0.626,0.163,66.857,69.666,0.999,5.659
S1160,53,1.023,0.288,96.875,110.16,0.998,11.782
S1161,51,0.475,0.112,65.25,76.803,0.999,6.023
S1162,90,1.127,0.269,115.375,122.95,0.998,14.068
S1163,53,1.379,0.528,81.875,88.618,0.998,10.382
S1164,35,1.429,0.558,46,46.277,0.999,4.275
S1165,63,2.717,0.746,78.3,88.326,0.999,6.887
S1394,82,0.593,0.13,119.059,133.72,0.997,58.281
S1166,72,1.431,0.464,92,101.873,0.998,8.193
S1167,49,0.548,0.131,62,59.744,0.999,23.111
S1168,44,1.043,0.374,94.6,110.27,0.998,5.252
S1169,58,1.972,0.654,86.875,87.102,0.998,7.305
S1395,47,1.755,0.648,57.5,62.819,0.999,5.788
S1396,71,1.319,0.461,82.176,90.079,0.999,7.685
S1170,35,0.429,0.104,44.429,49.418,0.999,4.484
S1171,47,0.514,0.122,72.5,70.719,0.999,10.185
S1172,52,2.176,0.696,86.5,94.27,0.998,18.656
S1173,72,1.232,0.373,109.714,134.024,0.998,25.387
S1174,33,1.072,0.344,60.5,44.361,0.999,8.227
S1397,57,1.777,0.622,74.5,86.392,0.998,13.796
S1175,54,1.666,0.597,87.333,98.606,0.998,18.266
S1398,53,1.004,0.332,70.5,77.032,0.998,14.846
S1176,50,1.015,0.341,73.333,78.489,0.998,10.464
S1177,71,1.43,0.543,129.667,120.578,0.998,15.797
S1178,44,0.502,0.127,75.667,80.346,0.999,17.102
S1399,20,0.178,0.038,26,30.192,0.999,2.317
S1179,60,0.445,0.106,85.375,115.627,0.998,26.208
S1180,52,0.697,0.185,106.167,104.316,0.998,24.548
S1181,44,1.413,0.543,48.231,52.158,0.999,13.156
S1182,62,0.721,0.172,83.231,88.548,0.998,12.98
S1183,46,1.228,0.489,67,91.238,0.998,13.901
S1184,49,1.315,0.43,64.3,71.202,0.999,16.46
S1400,82,1.427,0.521,101.895,111.909,0.998,8.665
S1401,56,0.454,0.107,75.714,89.69,0.998,19.166
S1185,85,1.028,0.249,116,119.394,0.998,22.583
S1186,44,0.522,0.133,121,85.345,0.998,17.491
S1187,42,0.425,0.105,63.375,71.097,0.999,15.204
S1188,64,0.848,0.194,73.067,84.275,0.999,12.636
S1402,54,1.188,0.311,67.333,71.177,0.999,6.412
S1403,42,0.732,0.192,55.125,56.688,0.999,13.401
S1189,32,1.284,0.465,50.333,46.062,0.999,8.805
S1190,38,0.436,0.112,72.2,70.281,0.999,5.725
S1192,77,0.565,0.124,114.4,129.324,0.998,16.006
S1193,95,1.369,0.475,155.882,165.693,0.997,16.8
S1404,65,0.852,0.222,93.875,83.278,0.998,7.976
S1194,61,0.515,0.122,90,120.187,0.998,19.614
S1195,46,1.344,0.427,67.857,72.407,0.999,9.896
S1196,52,0.513,0.125,102,99.049,0.998,11.703
S1197,50,0.767,0.198,75.5,66.14,0.999,11.245
S1198,58,0.599,0.148,112,103.689,0.998,14.443
S1199,71,1.366,0.481,104.067,122.157,0.998,15.849
S1200,95,1.045,0.255,149.667,153.832,0.997,35.289
S1201,57,2.255,0.724,76.429,71.593,0.999,6.238
S1202,43,1.527,0.539,48.5,56.432,0.999,11.168
S1203,48,1.325,0.394,58.5,63.51,0.999,6.4
S1204,41,1.251,0.418,52,51.554,0.999,11.109
S1205,91,2.126,0.668,116.2,121.123,0.998,12.432
S1206,61,1.631,0.571,90.25,102.644,0.998,31.318
S1207,77,0.745,0.175,100.214,103.422,0.998,8.01
S1208,57,0.641,0.152,84.273,93.189,0.998,23.12
S1209,72,0.985,0.229,99.083,103.169,0.998,21.344
S1405,46,1.186,0.36,65.125,75.688,0.999,10.28
S1210,63,3.111,0.824,74.375,74.207,0.999,7.285
S1211,82,1.132,0.279,105.625,114.314,0.998,27.8
S1212,43,1.775,0.644,49.111,51.725,0.999,6.138
S1406,124,3.007,0.79,175.042,189.891,0.996,52.33
S1407,60,0.735,0.191,99.545,107.741,0.998,31.917
S1408,42,0.62,0.149,59.143,65.156,0.999,5.624
S1213,67,1.169,0.33,121.375,110.081,0.998,10.436
S1214,47,2.112,0.698,69.667,72.845,0.999,5.65
S1215,68,1.563,0.54,99,122.717,0.998,14.73
S1216,41,0.814,0.238,317,127.013,0.998,9.348
S1217,60,0.84,0.232,105.111,109.916,0.998,9.266
S1218,63,2.142,0.686,88.091,103.202,0.998,15.722
S1219,72,1.565,0.551,107.769,117.416,0.998,24.341
S1409,49,1.67,0.581,91.167,99.247,0.998,11.625
S1220,40,0.486,0.124,57.5,60.208,0.999,4.792
S1221,49,0.908,0.235,64.545,74.864,0.999,9.225
S1410,78,2.09,0.644,107.545,111.805,0.998,18.887
S1222,48,0.87,0.234,90,76.678,0.998,8.549
S1411,52,0.535,0.133,75.75,72.313,0.999,13.335
S1223,43,1.611,0.546,94,70.143,0.999,5.98
S1224,67,2.066,0.608,84,84.127,0.999,7.228
S1225,64,2.383,0.724,75.4,81.927,0.999,6.956
S1226,55,2.245,0.741,76.375,75.66,0.999,8.765
S1227,76,1.881,0.617,107,121.794,0.998,8.561
S1228,40,0.627,0.167,51.143,54.832,0.999,9.54
S1229,44,1.205,0.408,86,86.331,0.998,9.165
S1230,112,2.407,0.702,206,185.836,0.996,31.361
S1231,52,0.598,0.139,71.125,73.649,0.999,8.982
