SampleID,CST,subCST,score,Group
S1,IV-C,IV-C1,0.273806555,1
S1232,III,III-B,0.853814122,1
S2,III,III-A,0.021298474,1
S3,I,I-A,0.999498591,1
S4,III,III-A,0.992257562,1
S5,I,I-A,0.999527577,1
S6,I,I-B,0.955237429,1
S7,III,III-B,0.916475054,1
S8,III,III-B,0.855649095,1
S9,I,I-A,0.999034322,1
S10,III,III-A,0.992825913,1
S1233,III,III-A,0.992790443,1
S11,III,III-B,0.917069196,1
S12,I,I-A,0.99941929,1
S13,III,III-A,0.992043562,1
S14,I,I-A,0.9995936,1
S15,I,I-A,0.99949551,1
S1234,I,I-B,0.869466879,1
S16,I,I-A,0.999227236,1
S1235,I,I-A,0.998921947,1
S17,III,III-A,0.991952341,1
S18,III,III-A,0.987184383,1
S19,III,III-A,0.949322879,1
S20,III,III-A,0.993681391,1
S21,III,III-A,0.992498794,1
S22,III,III-A,0.992713556,1
S23,IV-B,IV-B,0.516594267,1
S24,III,III-B,0.713317771,1
S25,III,III-A,0.927576936,1
S26,III,III-A,0.995554584,1
S27,III,III-A,0.925748561,1
S28,I,I-A,0.999098853,1
S29,III,III-A,0.992530527,1
S30,I,I-A,0.999323086,1
S31,I,I-A,0.989954127,1
S32,I,I-A,0.999493062,1
S33,I,I-A,0.992983854,1
S34,III,III-A,0.993732426,1
S35,IV-B,IV-B,0.775784779,1
S36,IV-B,IV-B,0.185026842,1
S37,I,I-A,0.9990578,1
S38,I,I-A,0.99936039,1
S39,I,I-A,0.999367233,1
S40,IV-B,IV-B,0.627164649,1
S41,I,I-A,0.999195322,1
S42,III,III-A,0.991784657,1
S1236,I,I-A,0.991623768,1
S43,III,III-A,0.986618226,1
S44,IV-B,IV-B,0.369350459,1
S45,I,I-A,0.999272244,1
S46,III,III-A,0.992589674,1
S47,III,III-A,0.996338272,1
S1237,III,III-A,0.992218153,1
S48,I,I-B,0.941914857,1
S49,I,I-A,0.999309091,1
S50,I,I-B,0.961598762,1
S51,I,I-A,0.999282946,1
S1238,IV-C,IV-C3,0.955575408,1
S52,III,III-A,0.993201695,1
S53,I,I-A,0.999397643,1
S54,IV-B,IV-B,0.640068612,1
S55,I,I-A,0.996883746,1
S56,III,III-B,0.660679775,1
S57,III,III-A,0.995895879,1
S58,III,III-A,0.996298507,1
S59,I,I-A,0.999654542,1
S1239,I,I-A,0.999250353,1
S60,III,III-A,0.976221672,1
S61,I,I-B,0.936537177,1
S62,II,II,0.113273745,1
S63,IV-C,IV-C1,0.9198281,1
S64,IV-B,IV-B,0.46981198,1
S65,III,III-A,0.992426744,1
S66,I,I-A,0.99949443,1
S67,I,I-B,0.81276562,1
S68,III,III-B,0.945148153,1
S69,I,I-B,0.896411828,1
S70,I,I-A,0.998285774,1
S71,I,I-B,0.963070144,1
S72,IV-C,IV-C1,0.877938525,1
S73,I,I-B,0.947384024,1
S74,IV-B,IV-B,0.513993579,1
S75,III,III-A,0.99869604,1
S76,IV-B,IV-B,0.563096384,1
S77,III,III-A,0.997062955,1
S78,III,III-A,0.998503647,1
S79,III,III-B,0.909080719,1
S80,V,V,0.727655863,1
S81,I,I-A,0.961824068,1
S82,III,III-A,0.992036899,1
S83,I,I-A,0.999115528,1
S84,III,III-A,0.993747406,1
S85,I,I-B,0.778783695,1
S86,III,III-A,0.99071659,1
S87,III,III-B,0.86624643,1
S88,I,I-A,0.999436797,1
S89,I,I-A,0.999417433,1
S90,IV-C,IV-C3,0.880042785,1
S91,III,III-A,0.995601572,1
S92,I,I-A,0.999566412,1
S93,III,III-B,0.773898922,1
S94,III,III-A,0.992140277,1
S95,I,I-A,0.999186623,1
S1240,IV-C,IV-C1,0.772511951,1
S1241,III,III-B,0.662768262,1
S96,III,III-B,0.732103642,1
S97,V,V,0.758514162,1
S98,I,I-A,0.999537711,1
S99,III,III-B,0.780466627,1
S100,III,III-A,0.997480457,1
S1242,III,III-A,0.984460102,1
S1243,I,I-A,0.989330678,1
S101,III,III-A,0.992839985,1
S102,III,III-A,0.994835107,1
S103,I,I-B,0.769272024,1
S104,II,II,0.129978902,1
S105,I,I-A,0.999615761,1
S1244,III,III-B,0.833432257,1
S106,III,III-A,0.993328248,1
S107,I,I-A,0.999122527,1
S108,I,I-A,0.999345507,1
S109,III,III-B,0.850514933,1
S110,I,I-A,0.999435261,1
S111,III,III-A,0.992378713,1
S112,III,III-A,0.995213361,1
S113,I,I-A,0.999532447,1
S114,I,I-B,0.81964702,1
S115,III,III-A,0.992612797,1
S116,V,V,0.819504719,1
S117,I,I-A,0.999407139,1
S1245,III,III-B,0.843657533,1
S118,I,I-A,0.999040855,1
S119,III,III-A,0.954879365,1
S120,IV-B,IV-B,0.726127338,1
S121,III,III-A,0.994453661,1
S1246,III,III-A,0.994911166,1
S122,III,III-A,0.940437544,1
S123,III,III-B,0.711815671,1
S124,III,III-A,0.992474807,1
S125,III,III-A,0.992568186,1
S126,III,III-A,0.975981444,1
S127,III,III-A,0.992419078,1
S128,III,III-A,0.997728076,1
S1247,III,III-A,0.992001123,1
S129,IV-B,IV-B,0.611505517,1
S130,I,I-B,0.957673694,1
S131,I,I-B,0.956614555,1
S132,I,I-B,0.951642446,1
S133,III,III-A,0.993261136,1
S134,I,I-A,0.99971479,1
S135,I,I-A,0.999257186,1
S136,I,I-A,0.999229224,1
S1248,I,I-A,0.999172835,1
S137,IV-B,IV-B,0.479289087,1
S138,IV-B,IV-B,0.229231171,1
S139,I,I-A,0.989283164,1
S140,I,I-A,0.999293998,1
S141,III,III-B,0.708799743,1
S142,IV-C,IV-C1,0.508007238,1
S143,III,III-A,0.995373891,1
S144,IV-B,IV-B,0.47221025,1
S145,III,III-A,0.958174242,1
S146,III,III-A,0.984595685,1
S147,I,I-A,0.999316679,1
S148,I,I-A,0.982123205,1
S149,I,I-A,0.996013101,1
S150,III,III-A,0.993688261,1
S1249,I,I-B,0.963038631,1
S151,III,III-B,0.642165388,1
S152,I,I-A,0.999400168,1
S153,IV-B,IV-B,0.619102233,1
S154,III,III-B,0.904549401,1
S155,III,III-A,0.874455559,1
S156,IV-C,IV-C1,0.878485713,1
S157,III,III-B,0.842969366,1
S1250,I,I-B,0.958633373,1
S158,III,III-B,0.798900063,1
S1251,I,I-A,0.999244118,1
S159,III,III-A,0.970192842,1
S160,II,II,0.132054279,1
S161,III,III-B,0.873219765,1
S162,I,I-A,0.994689867,1
S163,III,III-A,0.992344914,1
S164,III,III-A,0.998699996,1
S165,III,III-A,0.993291638,1
S166,III,III-A,0.992751001,1
S167,I,I-B,0.818592783,1
S168,IV-B,IV-B,0.652999493,1
S169,III,III-A,0.975401564,1
S170,I,I-B,0.81886383,1
S171,III,III-B,0.842878755,1
S172,I,I-A,0.998909543,1
S173,I,I-A,0.999060894,1
S1252,I,I-A,0.998993011,1
S174,I,I-A,0.999110132,1
S175,I,I-A,0.999365041,1
S176,III,III-A,0.991961304,1
S177,III,III-A,0.99152039,1
S178,I,I-A,0.999337578,1
S179,III,III-A,0.992696391,1
S180,I,I-A,0.999168798,1
S181,IV-B,IV-B,0.621624976,1
S182,IV-B,IV-B,0.645116665,1
S183,III,III-A,0.978283159,1
S184,III,III-A,0.992302364,1
S185,I,I-A,0.999478145,1
S186,I,I-B,0.783213161,1
S187,I,I-B,0.972041484,1
S188,III,III-A,0.990912185,1
S189,IV-B,IV-B,0.433877818,1
S190,I,I-A,0.99943577,1
S191,III,III-A,0.99223665,1
S192,I,I-B,0.750446399,1
S193,III,III-A,0.995480833,1
S194,IV-B,IV-B,0.64710675,1
S195,IV-B,IV-B,0.487103864,1
S196,IV-B,IV-B,0.421745949,1
S197,IV-B,IV-B,0.654666168,1
S198,III,III-A,0.987304231,1
S199,I,I-B,0.971221337,1
S200,III,III-A,0.821887804,1
S201,III,III-A,0.993996144,1
S202,III,III-A,0.993060738,1
S203,III,III-A,0.995204774,1
S204,IV-B,IV-B,0.614791356,1
S205,III,III-A,0.994516885,1
S206,III,III-B,0.873494581,1
S207,IV-C,IV-C3,0.824703744,1
S208,I,I-A,0.999240875,1
S209,I,I-A,0.969914526,1
S210,III,III-A,0.992285446,1
S212,I,I-A,0.966408846,1
S213,III,III-A,0.988784567,1
S214,III,III-A,0.992141039,1
S215,IV-B,IV-B,0.563832082,1
S1253,I,I-A,0.999216798,1
S217,III,III-A,0.995541628,1
S1254,I,I-A,0.999263048,1
S218,III,III-A,0.99590232,1
S219,I,I-A,0.996280781,1
S220,I,I-A,0.992532284,1
S221,IV-B,IV-B,0.310576156,1
S1255,I,I-A,0.998092304,1
S222,IV-B,IV-B,0.443810036,1
S223,III,III-A,0.9940035,1
S224,III,III-A,0.942000682,1
S225,IV-B,IV-B,0.636932554,1
S226,III,III-A,0.99271477,1
S227,III,III-A,0.992404641,1
S228,III,III-B,0.917883259,1
S229,I,I-A,0.999640693,1
S230,III,III-A,0.993430733,1
S1256,III,III-B,0.908139764,1
S231,I,I-A,0.999299357,1
S232,III,III-A,0.992203211,1
S233,III,III-B,0.866582458,1
S234,IV-B,IV-B,0.568167046,1
S235,IV-B,IV-B,0.438047673,1
S236,I,I-A,0.99943829,1
S1257,I,I-B,0.936976285,1
S1258,I,I-A,0.999582323,1
S237,III,III-A,0.97483839,1
S238,I,I-A,0.995990177,1
S240,IV-B,IV-B,0.671128426,1
S241,I,I-A,0.999632613,1
S242,III,III-B,0.935237892,1
S243,III,III-A,0.992251742,1
S244,III,III-B,0.729979147,1
S245,IV-C,IV-C1,0.108892369,1
S246,III,III-A,0.994656284,1
S1259,I,I-A,0.992902915,1
S247,III,III-B,0.919397141,1
S248,II,II,0.28856766,1
S249,IV-B,IV-B,0.477935749,1
S250,III,III-B,0.809297667,1
S251,III,III-B,0.898379121,1
S252,IV-B,IV-B,0.105092477,1
S253,III,III-B,0.766798245,1
S254,I,I-A,0.971280429,1
S255,I,I-A,0.974956877,1
S256,III,III-B,0.811098762,1
S257,V,V,0.635662813,1
S1260,IV-B,IV-B,0.537249026,1
S258,I,I-B,0.80190399,1
S259,I,I-A,0.999638219,1
S260,I,I-A,0.99770996,1
S261,III,III-A,0.992766392,1
S262,IV-B,IV-B,0.489557375,1
S1261,IV-B,IV-B,0.461326849,1
S264,IV-B,IV-B,0.571538659,1
S265,I,I-B,0.963621789,1
S266,IV-B,IV-B,0.674229343,1
S267,I,I-A,0.998584538,1
S1262,III,III-B,0.913503768,1
S268,IV-B,IV-B,0.231027838,1
S269,I,I-A,0.990900801,1
S270,I,I-A,0.999365128,1
S271,V,V,0.747711435,1
S1263,III,III-A,0.988572286,1
S272,III,III-A,0.980936834,1
S273,I,I-A,0.999234772,1
S274,III,III-A,0.992639601,1
S275,III,III-A,0.992379555,1
S276,III,III-A,0.911375352,1
S277,IV-B,IV-B,0.173270108,1
S278,III,III-A,0.994861338,1
S279,III,III-A,0.986796762,1
S280,I,I-A,0.985171668,1
S281,I,I-B,0.887958482,1
S282,I,I-A,0.994828549,1
S283,III,III-A,0.998823217,1
S284,III,III-B,0.088129199,1
S285,I,I-B,0.934963466,1
S287,III,III-A,0.99481659,1
S288,I,I-A,0.998795231,1
S289,I,I-A,0.996595668,1
S290,I,I-A,0.999157554,1
S291,III,III-B,0.667981411,1
S292,III,III-A,0.969417784,1
S293,III,III-A,0.984942244,1
S294,III,III-A,0.992632784,1
S295,III,III-B,0.700081349,1
S296,III,III-A,0.965393571,1
S297,III,III-A,0.938858457,1
S298,III,III-A,0.983850506,1
S299,III,III-B,0.789174319,1
S1264,IV-B,IV-B,0.626883401,1
S1265,III,III-B,0.873209641,1
S300,I,I-A,0.999583928,1
S301,III,III-A,0.992166859,1
S302,III,III-A,0.997141709,1
S303,I,I-A,0.99929216,1
S304,III,III-B,0.912618997,1
S305,III,III-B,0.977411868,1
S306,I,I-A,0.99475429,1
S307,I,I-A,0.97507483,1
S308,I,I-B,0.936944739,1
S309,III,III-A,0.993028006,1
S310,I,I-B,0.93487378,1
S311,IV-B,IV-B,0.717549998,1
S1266,III,III-A,0.992573031,1
S1267,III,III-A,0.966946601,1
S312,III,III-B,0.843240979,1
S313,III,III-A,0.993640531,1
S314,III,III-B,0.911879213,1
S315,III,III-B,0.746816502,1
S316,I,I-B,0.943644017,1
S317,IV-C,IV-C1,0.894280727,1
S318,I,I-B,0.860929053,1
S319,I,I-A,0.997555079,1
S320,III,III-A,0.988255825,1
S321,IV-B,IV-B,0.478869939,1
S322,III,III-A,0.918620787,1
S323,IV-B,IV-B,0.211748903,1
S324,I,I-A,0.999509696,1
S325,I,I-B,0.959779624,1
S326,III,III-B,0.922506211,1
S327,I,I-A,0.999632672,1
S328,III,III-A,0.992230869,1
S329,III,III-A,0.996246093,1
S331,III,III-A,0.954020582,1
S332,I,I-A,0.999171747,1
S333,IV-B,IV-B,0.665751534,1
S334,III,III-A,0.992615756,1
S335,I,I-B,0.956976118,1
S336,III,III-A,0.995740218,1
S337,III,III-A,0.931109062,1
S338,I,I-A,0.999453821,1
S339,IV-B,IV-B,0.427988583,1
S340,IV-B,IV-B,0.735809606,1
S341,III,III-B,0.876173664,1
S342,I,I-B,0.871795444,1
S343,IV-B,IV-B,0.347318331,1
S344,IV-B,IV-B,0.61034931,1
S345,I,I-A,0.99900311,1
S346,III,III-B,0.89708902,1
S347,I,I-A,0.999584915,1
S348,IV-B,IV-B,0.421206906,1
S349,III,III-A,0.996229223,1
S350,III,III-A,0.993420454,1
S351,III,III-A,0.98660529,1
S352,V,V,0.62463682,1
S353,I,I-A,0.998944705,1
S1268,III,III-A,0.996164189,1
S354,IV-C,IV-C1,0.910284551,1
S355,III,III-A,0.994860142,1
S356,III,III-A,0.97826723,1
S357,III,III-B,0.767490148,1
S358,I,I-B,0.964142258,1
S359,III,III-B,0.935323833,1
S360,III,III-A,0.972871008,1
S1269,III,III-A,0.995693666,1
S361,III,III-A,0.995410558,1
S1270,III,III-A,0.995323103,1
S362,I,I-B,0.959107779,1
S363,I,I-A,0.994812375,1
S364,I,I-A,0.991914565,1
S365,III,III-A,0.963737811,1
S366,I,I-A,0.990794467,1
S367,I,I-A,0.994761503,1
S368,IV-B,IV-B,0.687566622,1
S369,III,III-A,0.995905845,1
S370,I,I-B,0.971842238,1
S371,I,I-B,0.87862032,1
S372,I,I-A,0.99223285,1
S1271,III,III-A,0.991147499,1
S373,III,III-A,0.99643464,1
S374,I,I-A,0.988831796,1
S375,IV-B,IV-B,0.240795239,1
S376,III,III-A,0.995742253,1
S377,IV-C,IV-C3,0.776847713,1
S378,IV-C,IV-C1,0.923464033,1
S379,I,I-B,0.929886154,1
S380,I,I-A,0.980700373,1
S381,I,I-B,0.964259033,1
S382,III,III-A,0.995673682,1
S383,III,III-A,0.995909531,1
S384,III,III-A,0.996227166,1
S385,III,III-A,0.99604675,1
S386,IV-B,IV-B,0.619725794,1
S387,I,I-A,0.974608723,1
S388,I,I-A,0.987128974,1
S389,III,III-A,0.993853998,1
S1272,I,I-A,0.975080521,1
S390,I,I-A,0.989999567,1
S391,I,I-A,0.976571507,1
S392,I,I-A,0.992900507,1
S393,IV-B,IV-B,0.416720592,1
S394,I,I-A,0.989703347,1
S395,I,I-A,0.993513013,1
S1273,III,III-A,0.986498612,1
S396,I,I-B,0.965166567,1
S397,I,I-A,0.989568209,1
S398,III,III-B,0.676448947,1
S399,III,III-B,0.896067532,1
S400,I,I-A,0.99295941,1
S401,I,I-A,0.982134118,1
S1274,I,I-B,0.94267394,1
S402,V,V,0.944138213,1
S403,I,I-A,0.989413362,1
S404,III,III-A,0.996542352,1
S405,I,I-A,0.974199792,1
S406,III,III-A,0.995046877,1
S1275,III,III-B,0.459773344,1
S407,III,III-B,0.913342256,1
S1276,IV-B,IV-B,0.450925379,1
S408,I,I-B,0.961764744,1
S1277,III,III-B,0.884962233,1
S409,III,III-A,0.989732863,1
S410,III,III-A,0.996397266,1
S411,I,I-B,0.782490399,1
S413,I,I-A,0.988692662,1
S414,III,III-A,0.996565676,1
S415,III,III-A,0.995724702,1
S416,III,III-A,0.997140069,1
S417,III,III-A,0.994845861,1
S418,I,I-A,0.984765923,1
S419,IV-B,IV-B,0.626994398,1
S420,I,I-B,0.906654064,1
S421,I,I-A,0.992050489,1
S422,IV-B,IV-B,0.463297339,1
S1278,I,I-A,0.991826176,1
S423,I,I-B,0.943332879,1
S424,III,III-B,0.593359775,1
S425,III,III-A,0.995824564,1
S426,I,I-B,0.965626927,1
S427,III,III-A,0.995043433,1
S428,III,III-A,0.995957725,1
S429,III,III-A,0.996382426,1
S430,I,I-A,0.989826999,1
S431,I,I-A,0.980706024,1
S432,IV-B,IV-B,0.480457508,1
S433,III,III-B,0.93370493,1
S434,IV-B,IV-B,0.824322166,1
S435,IV-B,IV-B,0.590192995,1
S436,I,I-A,0.990265073,1
S437,I,I-A,0.993105673,1
S438,I,I-B,0.97002934,1
S439,III,III-B,0.648540677,1
S440,V,V,0.946488098,1
S441,I,I-A,0.978040722,1
S442,III,III-A,0.996047719,1
S1279,III,III-A,0.996038092,1
S443,III,III-A,0.972608109,1
S444,III,III-A,0.995069664,1
S445,III,III-B,0.62120919,1
S446,I,I-B,0.96854822,1
S447,III,III-A,0.980974432,1
S448,I,I-A,0.987530909,1
S449,III,III-A,0.996532574,1
S450,III,III-B,0.951890854,1
S1280,I,I-A,0.982354476,1
S451,I,I-A,0.988908753,1
S452,IV-B,IV-B,0.757196705,1
S453,III,III-A,0.996223015,1
S454,I,I-B,0.863785036,1
S455,I,I-A,0.988854834,1
S1281,III,III-B,0.779156281,1
S1282,III,III-B,0.92172521,1
S456,III,III-A,0.996139896,1
S457,III,III-A,0.99381568,1
S458,III,III-B,0.825394131,1
S459,III,III-A,0.995332187,1
S460,I,I-B,0.967280374,1
S1283,I,I-A,0.992119086,1
S1284,III,III-A,0.9966191,1
S461,III,III-A,0.969723546,1
S462,I,I-A,0.983130082,1
S463,III,III-A,0.989882298,1
S464,I,I-A,0.983222329,1
S465,III,III-A,0.955400293,1
S466,IV-B,IV-B,0.518371,1
S467,I,I-A,0.990875933,1
S468,V,V,0.774177667,1
S469,III,III-A,0.995115965,1
S470,III,III-B,0.916889635,1
S471,III,III-A,0.988302286,1
S1285,I,I-A,0.990090207,1
S472,IV-B,IV-B,0.630303877,1
S473,I,I-B,0.752772615,1
S474,III,III-B,0.903320227,1
S475,IV-B,IV-B,0.64081379,1
S476,III,III-B,0.785146545,1
S477,III,III-A,0.995171712,1
S478,III,III-B,0.816083672,1
S479,III,III-A,0.995805674,1
S480,III,III-A,0.996150336,1
S1286,III,III-A,0.995817184,1
S1287,III,III-A,0.941680903,1
S481,III,III-A,0.996031539,1
S482,III,III-B,0.902999333,1
S483,III,III-A,0.996718084,1
S484,III,III-A,0.977469767,1
S1288,III,III-A,0.996259385,1
S1289,III,III-A,0.995897595,1
S485,I,I-A,0.983859025,1
S486,I,I-B,0.813878269,1
S487,IV-B,IV-B,0.56029431,1
S488,I,I-B,0.926742092,1
S1290,III,III-A,0.996477104,1
S489,V,V,0.256712087,1
S490,I,I-B,0.96792283,1
S491,I,I-A,0.988729913,1
S492,I,I-A,0.991445761,1
S1291,III,III-A,0.996192519,1
S493,III,III-B,0.846130713,1
S494,I,I-A,0.990179847,1
S495,III,III-A,0.958802539,1
S496,III,III-B,0.907208363,1
S497,I,I-B,0.925919503,1
S498,I,I-A,0.990809534,1
S1292,IV-B,IV-B,0.499400806,1
S1293,I,I-A,0.983637008,1
S499,I,I-A,0.988255244,1
S500,IV-B,IV-B,0.550220886,1
S501,I,I-B,0.969723876,1
S502,I,I-B,0.821407,1
S503,I,I-A,0.990383355,1
S504,III,III-A,0.97172576,1
S505,I,I-A,0.999266965,1
S506,III,III-A,0.996354906,1
S507,III,III-A,0.994146378,1
S508,III,III-A,0.996761964,1
S509,I,I-A,0.987747842,1
S510,III,III-A,0.995493045,1
S1294,III,III-A,0.995698428,1
S511,IV-C,IV-C1,0.316877957,1
S512,III,III-A,0.997102297,1
S1295,IV-B,IV-B,0.421720596,1
S513,V,V,0.771443665,1
S514,IV-C,IV-C1,0.929048017,1
S515,I,I-A,0.995245165,1
S516,III,III-B,0.875193432,1
S517,III,III-A,0.96280579,1
S518,IV-B,IV-B,0.680459431,1
S519,IV-C,IV-C1,0.891692621,1
S520,III,III-B,0.840854398,1
S521,I,I-A,0.983522715,1
S522,IV-B,IV-B,0.55234761,1
S523,IV-B,IV-B,0.648564478,1
S524,I,I-A,0.999013091,1
S525,III,III-B,0.853525644,1
S526,I,I-A,0.9934949,1
S527,I,I-B,0.916262678,1
S528,I,I-B,0.850786995,1
S529,III,III-A,0.96734877,1
S530,I,I-A,0.999285114,1
S1296,IV-B,IV-B,0.510670999,1
S1297,III,III-A,0.996146411,1
S531,III,III-B,0.933425328,1
S532,III,III-B,0.986052878,1
S533,III,III-A,0.995139315,1
S534,I,I-B,0.969096522,1
S535,III,III-B,0.903817364,1
S1298,III,III-A,0.996589362,1
S536,IV-B,IV-B,0.578287283,1
S537,I,I-A,0.983373381,1
S538,I,I-A,0.987273555,1
S539,III,III-B,0.933098856,1
S540,I,I-A,0.980137622,1
S541,I,I-B,0.973850153,1
S542,IV-C,IV-C1,0.897259287,1
S543,I,I-A,0.990974785,1
S544,III,III-A,0.99579519,1
S545,I,I-A,0.988474479,1
S546,III,III-A,0.996225699,1
S547,I,I-A,0.991091826,1
S548,III,III-A,0.995221666,1
S549,I,I-A,0.994155613,1
S1299,III,III-B,0.890122389,1
S550,I,I-A,0.980139604,1
S551,I,I-A,0.991528696,1
S552,I,I-B,0.970175855,1
S553,I,I-A,0.987258864,1
S554,IV-B,IV-B,0.534207596,1
S555,I,I-B,0.944824553,1
S556,III,III-B,0.890388396,1
S1300,III,III-B,0.834357077,1
S557,III,III-A,0.996853547,1
S558,I,I-A,0.9921776,1
S559,I,I-B,0.965534789,1
S560,III,III-B,0.69675202,1
S561,III,III-A,0.995715474,1
S563,III,III-A,0.996220599,1
S1301,III,III-A,0.99528987,1
S564,IV-B,IV-B,0.523541829,1
S565,I,I-A,0.994878608,1
S566,III,III-B,0.927340545,1
S567,III,III-A,0.995626966,1
S568,III,III-A,0.996119224,1
S569,III,III-A,0.99150147,1
S570,I,I-A,0.994962249,1
S571,III,III-A,0.996075746,1
S572,III,III-A,0.995730835,1
S573,I,I-A,0.993945604,1
S1302,I,I-A,0.99010575,1
S574,III,III-A,0.996187725,1
S575,I,I-A,0.981697564,1
S576,III,III-B,0.908527959,1
S577,III,III-A,0.93222463,1
S1303,IV-C,IV-C1,0.835886431,1
S578,I,I-A,0.988838105,1
S579,IV-B,IV-B,0.631557651,1
S580,I,I-B,0.963628817,1
S581,IV-B,IV-B,0.651526903,1
S582,I,I-A,0.991066109,1
S583,III,III-A,0.978477307,1
S584,IV-B,IV-B,0.616565235,1
S585,I,I-A,0.993289745,1
S586,III,III-A,0.996457751,1
S587,IV-B,IV-B,0.521536318,1
S588,IV-B,IV-B,0.630260149,1
S589,III,III-A,0.943134644,1
S1304,I,I-B,0.977602074,1
S590,I,I-B,0.88077994,1
S1305,III,III-A,0.993043976,1
S591,III,III-A,0.994321867,1
S592,III,III-A,0.996196526,1
S593,I,I-B,0.423735017,1
S594,I,I-A,0.989396692,1
S595,III,III-A,0.955545053,1
S596,I,I-B,0.971768585,1
S597,I,I-A,0.966908351,1
S598,III,III-A,0.995167954,1
S599,III,III-A,0.99608022,1
S600,III,III-A,0.992098511,1
S601,III,III-A,0.995823069,1
S602,I,I-A,0.994660255,1
S603,III,III-B,0.9366691,1
S1306,I,I-B,0.210007551,1
S604,III,III-A,0.995963787,1
S605,III,III-B,0.846126206,1
S606,III,III-B,0.869417866,1
S607,III,III-B,0.91111985,1
S608,III,III-A,0.995135151,1
S609,III,III-A,0.996019606,1
S610,I,I-A,0.984333254,1
S1307,III,III-B,0.819572516,1
S611,IV-C,IV-C1,0.618951909,1
S1308,I,I-A,0.991849463,1
S612,IV-B,IV-B,0.643134979,1
S613,IV-B,IV-B,0.622055542,1
S614,IV-B,IV-B,0.659322629,1
S615,I,I-A,0.988792909,1
S616,III,III-A,0.941407153,1
S617,I,I-B,0.891274413,1
S618,II,II,0.103201496,1
S620,III,III-A,0.954029443,1
S621,I,I-A,0.971360445,1
S622,III,III-B,0.663217674,1
S1309,I,I-A,0.998220422,1
S623,IV-B,IV-B,0.445604383,1
S624,III,III-A,0.995770763,1
S1310,I,I-B,0.933523016,1
S625,I,I-A,0.980510987,1
S626,I,I-B,0.772974605,1
S627,IV-B,IV-B,0.538034866,1
S628,III,III-A,0.972671163,1
S629,IV-B,IV-B,0.555841842,1
S630,I,I-A,0.970438632,1
S1312,IV-B,IV-B,0.610882849,1
S1313,IV-B,IV-B,0.622022451,1
S1314,IV-B,IV-B,0.43462903,1
S631,III,III-A,0.996403934,1
S632,III,III-A,0.99556776,1
S633,III,III-A,0.996020497,1
S634,II,II,0.185636209,1
S635,III,III-A,0.995498321,1
S1315,III,III-A,0.958430628,1
S636,III,III-A,0.995346031,1
S637,IV-B,IV-B,0.618836063,1
S639,IV-B,IV-B,0.544803177,1
S640,IV-B,IV-B,0.620019365,1
S641,III,III-A,0.996429295,1
S1316,I,I-A,0.989676154,1
S1317,III,III-A,0.995857289,1
S1318,I,I-B,0.971472783,1
S642,II,II,0.273226797,1
S643,IV-B,IV-B,0.44440116,1
S644,III,III-A,0.989774838,1
S645,I,I-A,0.99384651,1
S646,IV-B,IV-B,0.428227967,1
S647,IV-B,IV-B,0.63509742,1
S648,I,I-A,0.987986262,1
S649,III,III-A,0.960443077,1
S1319,I,I-A,0.993010984,1
S650,I,I-A,0.990065107,1
S651,I,I-B,0.695836209,1
S652,IV-C,IV-C3,0.842197025,1
S653,III,III-B,0.326066967,1
S655,I,I-A,0.991318527,1
S656,I,I-A,0.991489978,1
S1320,I,I-A,0.987871133,1
S657,III,III-A,0.995213662,1
S658,I,I-A,0.993727211,1
S659,I,I-A,0.992389083,1
S1321,I,I-A,0.998363235,1
S660,I,I-A,0.991327148,1
S661,I,I-A,0.991561156,1
S662,I,I-A,0.975311967,1
S663,I,I-A,0.989647197,1
S664,I,I-A,0.98962028,1
S665,I,I-B,0.85769881,1
S666,III,III-A,0.995559374,1
S667,I,I-A,0.990145368,1
S668,IV-C,IV-C1,0.931704294,1
S669,I,I-A,0.989841013,1
S670,I,I-B,0.426321059,1
S671,I,I-B,0.706030626,1
S672,II,II,0.135878187,1
S673,I,I-A,0.989393224,1
S674,IV-B,IV-B,0.487039603,1
S675,IV-B,IV-B,0.726964929,1
S676,I,I-A,0.989619581,1
S677,IV-C,IV-C1,0.070584778,1
S678,I,I-A,0.98978081,1
S679,I,I-B,0.959870185,1
S680,III,III-B,0.847446417,1
S681,I,I-A,0.984402031,1
S1322,IV-B,IV-B,0.516367005,1
S1323,I,I-A,0.988266981,1
S682,IV-B,IV-B,0.419935781,1
S1324,V,V,0.693622091,1
S683,III,III-A,0.996133306,1
S684,III,III-A,0.997461258,1
S1325,I,I-B,0.851526861,1
S1326,III,III-A,0.991136957,1
S685,I,I-B,0.726573531,1
S686,IV-B,IV-B,0.434876469,1
S1327,III,III-A,0.986057697,1
S687,I,I-A,0.990823268,1
S688,I,I-B,0.905586067,1
S689,III,III-B,0.943562737,1
S1328,III,III-B,0.831497945,1
S690,III,III-A,0.995438849,1
S691,I,I-B,0.967803376,1
S692,I,I-A,0.988229004,1
S693,IV-B,IV-B,0.59847732,1
S694,III,III-A,0.982587318,1
S695,IV-B,IV-B,0.669286208,1
S696,III,III-A,0.996213608,1
S697,III,III-A,0.964140736,1
S1329,III,III-A,0.995285459,1
S698,I,I-A,0.992533099,1
S699,III,III-A,0.995705438,1
S700,III,III-A,0.944414746,1
S701,I,I-A,0.983578052,1
S702,V,V,0.772687938,1
S703,III,III-B,0.883594483,1
S704,I,I-B,0.950463946,1
S705,III,III-A,0.995525606,1
S1330,I,I-A,0.98100249,1
S706,I,I-B,0.970874632,1
S707,III,III-A,0.941460253,1
S708,I,I-A,0.98174061,1
S709,III,III-A,0.995736881,1
S710,V,V,0.764406256,1
S711,I,I-A,0.989631532,1
S712,III,III-B,0.851519311,1
S713,III,III-A,0.990809538,1
S714,I,I-B,0.74534787,1
S715,I,I-B,0.973354437,1
S716,I,I-A,0.994524324,1
S717,I,I-B,0.981273719,1
S718,III,III-A,0.990453951,1
S719,III,III-B,0.950446279,1
S720,I,I-A,0.9944876,1
S721,I,I-B,0.965362468,1
S722,III,III-A,0.97531697,1
S723,I,I-B,0.936627745,1
S724,IV-B,IV-B,0.454274974,1
S1331,IV-B,IV-B,0.514396132,1
S725,I,I-A,0.989943341,1
S726,I,I-A,0.987050698,1
S1332,III,III-B,0.707612558,1
S1333,III,III-A,0.951367643,1
S727,I,I-B,0.837330098,1
S728,I,I-B,0.788876639,1
S729,I,I-B,0.967208784,1
S730,I,I-B,0.072992163,1
S731,III,III-A,0.95807551,1
S732,III,III-B,0.901692814,1
S733,III,III-B,0.754197679,1
S734,I,I-A,0.983941801,1
S1334,III,III-A,0.996136451,1
S735,I,I-A,0.992546298,1
S1335,III,III-B,0.879234477,1
S737,III,III-A,0.996374089,1
S738,IV-B,IV-B,0.527383459,1
S739,III,III-A,0.995373892,1
S740,I,I-A,0.994583783,1
S741,III,III-B,0.931176959,1
S742,III,III-A,0.996223326,1
S1336,III,III-B,0.95317758,1
S743,I,I-B,0.850321346,1
S744,III,III-A,0.996228584,1
S745,II,II,0.142933578,1
S746,I,I-A,0.983009494,1
S747,I,I-B,0.889964454,1
S748,IV-B,IV-B,0.479753076,1
S1337,I,I-A,0.991769134,1
S749,I,I-B,0.673370088,1
S750,III,III-B,0.931647386,1
S751,III,III-B,0.947252579,1
S752,I,I-A,0.991675256,1
S753,I,I-A,0.991542675,1
S754,I,I-B,0.768967684,1
S755,III,III-A,0.995267369,1
S756,I,I-A,0.99083329,1
S757,I,I-B,0.93062413,1
S758,III,III-A,0.986433556,1
S1338,I,I-A,0.990634869,1
S759,I,I-A,0.992991337,1
S1339,I,I-B,0.664641146,1
S760,I,I-B,0.942243244,1
S761,III,III-A,0.991578919,1
S762,III,III-A,0.988059913,1
S1340,III,III-B,0.719174966,1
S763,IV-B,IV-B,0.64218228,1
S1341,I,I-B,0.776261917,1
S764,I,I-A,0.984669611,1
S765,III,III-A,0.996094033,1
S766,I,I-A,0.988009691,1
S767,III,III-A,0.984686766,1
S768,I,I-A,0.995189718,1
S769,I,I-B,0.785193488,1
S770,III,III-A,0.995883792,1
S771,IV-B,IV-B,0.617744236,1
S772,III,III-A,0.992445615,1
S773,I,I-B,0.754908997,1
S1342,III,III-A,0.995927492,1
S774,I,I-A,0.988762385,1
S775,IV-B,IV-B,0.52542852,1
S776,I,I-A,0.988283197,1
S777,I,I-B,0.974127848,1
S778,III,III-A,0.958938668,1
S779,I,I-A,0.994779358,1
S780,I,I-B,0.967071561,1
S781,III,III-B,0.889690416,1
S782,I,I-B,0.713975706,1
S783,IV-B,IV-B,0.638736249,1
S784,I,I-A,0.999466738,1
S785,IV-B,IV-B,0.432514593,1
S1343,IV-B,IV-B,0.456091559,1
S787,IV-B,IV-B,0.470957375,1
S788,V,V,0.744563646,1
S1344,III,III-A,0.996181625,1
S789,I,I-A,0.984791088,1
S790,I,I-A,0.985848665,1
S791,IV-C,IV-C1,0.404011403,1
S792,III,III-A,0.995723569,1
S793,I,I-A,0.987898312,1
S1345,III,III-A,0.968150865,1
S794,IV-B,IV-B,0.735863822,1
S795,I,I-A,0.979501733,1
S796,III,III-A,0.961102902,1
S797,III,III-A,0.995958663,1
S798,III,III-A,0.995389812,1
S799,IV-B,IV-B,0.54730814,1
S800,IV-B,IV-B,0.531851393,1
S801,III,III-A,0.996013889,1
S802,III,III-B,0.920400894,1
S803,V,V,0.921744983,1
S804,IV-B,IV-B,0.574578438,1
S805,IV-B,IV-B,0.513631558,1
S806,IV-B,IV-B,0.662737954,1
S807,IV-C,IV-C1,0.06236024,1
S808,III,III-A,0.995816055,1
S809,I,I-B,0.81456306,1
S810,I,I-A,0.993990728,1
S811,III,III-A,0.996243408,1
S812,I,I-A,0.988811247,1
S813,IV-B,IV-B,0.559995211,1
S814,III,III-A,0.995851134,1
S815,III,III-A,0.993200896,1
S816,III,III-B,0.899510186,1
S817,I,I-B,0.472284145,1
S818,III,III-A,0.996618853,1
S819,I,I-A,0.989457353,1
S820,I,I-B,0.751910628,1
S821,I,I-B,0.920976935,1
S822,III,III-A,0.996592038,1
S823,III,III-A,0.976182829,1
S824,I,I-A,0.992033247,1
S825,III,III-A,0.964947496,1
S826,I,I-B,0.964894189,1
S827,III,III-A,0.996345542,1
S828,I,I-A,0.987023686,1
S829,IV-B,IV-B,0.652603501,1
S830,III,III-A,0.990589234,1
S1346,III,III-B,0.907732598,1
S831,III,III-B,0.923618151,1
S832,I,I-A,0.988067066,1
S1347,III,III-A,0.921080621,1
S833,III,III-B,0.936421837,1
S834,III,III-A,0.979811959,1
S835,III,III-A,0.99611648,1
S836,III,III-A,0.980972154,1
S1348,IV-B,IV-B,0.494175854,1
S838,I,I-A,0.984199592,1
S839,IV-B,IV-B,0.425894106,1
S840,I,I-A,0.99822339,1
S841,III,III-A,0.960227149,1
S842,III,III-A,0.995405843,1
S843,I,I-B,0.797236023,1
S844,III,III-A,0.995451088,1
S845,IV-B,IV-B,0.469515543,1
S846,I,I-B,0.930561168,1
S847,III,III-A,0.976110618,1
S848,IV-B,IV-B,0.452111086,1
S849,IV-B,IV-B,0.569009208,1
S850,IV-B,IV-B,0.467549668,1
S1349,I,I-B,0.055323107,1
S851,III,III-A,0.996212264,1
S852,III,III-A,0.982365007,1
S853,I,I-A,0.994441493,1
S854,III,III-A,0.995742164,1
S855,III,III-A,0.993186207,1
S1350,III,III-A,0.995791423,1
S856,III,III-A,0.99599901,1
S857,III,III-A,0.98511456,1
S858,III,III-A,0.95895933,1
S859,IV-B,IV-B,0.862909068,1
S860,IV-B,IV-B,0.581611031,1
S861,I,I-B,0.468688856,1
S862,III,III-A,0.946150044,1
S863,IV-B,IV-B,0.254226803,1
S864,IV-B,IV-B,0.477319595,1
S865,III,III-A,0.983819518,1
S866,I,I-A,0.985636051,1
S867,I,I-A,0.998659066,1
S868,IV-B,IV-B,0.529335955,1
S869,III,III-A,0.997156871,1
S870,I,I-B,0.974360946,1
S871,I,I-B,0.846668058,1
S872,III,III-A,0.995813146,1
S873,III,III-A,0.996018254,1
S874,III,III-A,0.995327182,1
S875,I,I-B,0.503328593,1
S876,III,III-A,0.99556284,1
S877,III,III-A,0.997153494,1
S878,III,III-A,0.995151508,1
S879,IV-B,IV-B,0.066540236,1
S1351,I,I-A,0.989124827,1
S1352,IV-B,IV-B,0.742340357,1
S880,III,III-A,0.995907247,1
S1353,III,III-A,0.995691445,1
S881,III,III-A,0.995394653,1
S882,III,III-A,0.995085348,1
S883,I,I-A,0.993393523,1
S884,IV-B,IV-B,0.432878451,1
S885,III,III-B,0.821466752,1
S886,III,III-A,0.996348221,1
S887,III,III-A,0.932510577,1
S888,III,III-A,0.976177886,1
S889,III,III-A,0.995744578,1
S890,I,I-A,0.991759089,1
S891,IV-B,IV-B,0.515798698,1
S892,I,I-A,0.992539239,1
S893,III,III-A,0.995985835,1
S894,III,III-A,0.989716837,1
S895,III,III-A,0.993502853,1
S896,IV-B,IV-B,0.629353932,1
S897,III,III-A,0.995063445,1
S898,IV-B,IV-B,0.507780273,1
S899,III,III-A,0.993426791,1
S900,IV-B,IV-B,0.626777349,1
S901,I,I-B,0.772782444,1
S902,I,I-A,0.983683351,1
S1354,III,III-B,0.703042968,1
S903,I,I-A,0.998884648,1
S904,IV-B,IV-B,0.537414956,1
S905,I,I-A,0.989769893,1
S906,III,III-A,0.996100608,1
S1355,III,III-A,0.92847619,1
S907,III,III-B,0.918522153,1
S908,III,III-A,0.955088327,1
S909,III,III-A,0.939437023,1
S910,III,III-A,0.950594872,1
S911,III,III-B,0.949969444,1
S912,III,III-B,0.905120827,1
S913,IV-C,IV-C1,0.933525689,1
S914,III,III-A,0.996235141,1
S915,III,III-B,0.717096215,1
S916,I,I-B,0.45115414,1
S917,III,III-B,0.924267291,1
S918,III,III-B,0.907737856,1
S919,III,III-A,0.995699464,1
S920,I,I-A,0.980966703,1
S921,III,III-A,0.96713834,1
S922,IV-B,IV-B,0.564644117,1
S923,III,III-A,0.912177138,1
S1356,III,III-B,0.965250636,1
S924,III,III-B,0.879927687,1
S925,III,III-A,0.996693732,1
S926,III,III-A,0.995841418,1
S927,IV-B,IV-B,0.418025932,1
S928,III,III-A,0.995809735,1
S929,III,III-A,0.996136602,1
S930,III,III-A,0.996281676,1
S1357,IV-B,IV-B,0.607246231,1
S931,III,III-A,0.996383744,1
S932,I,I-A,0.987158692,1
S934,I,I-B,0.693863997,1
S935,III,III-A,0.99592752,1
S1358,III,III-A,0.93466948,1
S936,III,III-A,0.986212529,1
S937,III,III-A,0.919558169,1
S938,III,III-A,0.982447827,1
S939,IV-C,IV-C1,0.887184757,1
S940,I,I-B,0.970751371,1
S941,III,III-A,0.995976253,1
S942,I,I-A,0.990718837,1
S943,I,I-A,0.998981681,1
S1359,III,III-A,0.992522129,1
S944,I,I-B,0.966189522,1
S945,III,III-A,0.958801558,1
S946,III,III-B,0.929940594,1
S947,III,III-A,0.995811979,1
S948,II,II,0.619798597,1
S949,III,III-A,0.995705451,1
S1360,III,III-A,0.994919119,1
S950,III,III-A,0.995788203,1
S951,III,III-B,0.898821365,1
S1361,III,III-A,0.991303519,1
S1362,IV-B,IV-B,0.481806946,1
S952,I,I-B,0.671715932,1
S953,IV-B,IV-B,0.56326277,1
S954,IV-B,IV-B,0.42078283,1
S955,III,III-A,0.921686916,1
S956,III,III-A,0.983198813,1
S1363,III,III-A,0.996020576,1
S957,III,III-A,0.926088941,1
S958,III,III-B,0.867284117,1
S959,IV-B,IV-B,0.561238165,1
S960,III,III-A,0.996995387,1
S961,V,V,0.778167536,1
S962,III,III-A,0.996913621,1
S963,I,I-A,0.992724641,1
S964,III,III-B,0.748545038,1
S965,III,III-A,0.995804225,1
S966,III,III-A,0.995954842,1
S967,I,I-A,0.980318745,1
S968,I,I-A,0.992579217,1
S969,I,I-A,0.994435234,1
S970,IV-B,IV-B,0.468279959,1
S971,III,III-A,0.996900163,1
S972,III,III-B,0.800676809,1
S973,I,I-A,0.97429523,1
S974,III,III-A,0.996696398,1
S975,I,I-A,0.988696413,1
S976,I,I-A,0.99121509,1
S977,I,I-A,0.988037844,1
S978,III,III-A,0.996190057,1
S979,III,III-A,0.995370598,1
S980,III,III-A,0.970655384,1
S981,III,III-A,0.996428408,1
S982,I,I-B,0.971626452,1
S983,IV-B,IV-B,0.658332578,1
S1364,III,III-A,0.953185884,1
S984,III,III-A,0.996030901,1
S985,IV-B,IV-B,0.519434772,1
S986,IV-B,IV-B,0.610660482,1
S1365,I,I-B,0.974987102,1
S987,III,III-A,0.997144527,1
S988,III,III-A,0.993413189,1
S989,III,III-B,0.915630791,1
S1366,IV-B,IV-B,0.435877676,1
S990,III,III-A,0.995968258,1
S991,III,III-B,0.936927702,1
S1367,IV-B,IV-B,0.521657157,1
S992,III,III-A,0.983859305,1
S993,I,I-B,0.909113481,1
S994,IV-B,IV-B,0.5645876,1
S995,III,III-A,0.941870549,1
S996,III,III-B,0.917020202,1
S997,I,I-A,0.991218236,1
S998,IV-B,IV-B,0.403869158,1
S999,III,III-B,0.772425011,1
S1000,I,I-A,0.989497233,1
S1001,IV-B,IV-B,0.678290571,1
S1368,III,III-A,0.995056048,1
S1002,III,III-A,0.995179933,1
S1003,III,III-A,0.995581026,1
S1004,III,III-B,0.960728965,1
S1005,I,I-B,0.964758658,1
S1006,I,I-B,0.728915855,1
S1369,IV-B,IV-B,0.515683641,1
S1007,I,I-A,0.989659957,1
S1008,III,III-A,0.995946408,1
S1009,III,III-B,0.811682836,1
S1010,I,I-A,0.989791176,1
S1011,IV-B,IV-B,0.481030374,1
S1012,I,I-A,0.990991477,1
S1013,IV-C,IV-C1,0.144884955,1
S1014,III,III-A,0.99639877,1
S1015,III,III-B,0.870961709,1
S1016,III,III-A,0.996234906,1
S1017,I,I-A,0.992317897,1
S1018,I,I-B,0.914423864,1
S1019,III,III-B,0.774436925,1
S1020,IV-B,IV-B,0.434213563,1
S1022,III,III-A,0.995743215,1
S1023,III,III-A,0.996656858,1
S1024,III,III-A,0.995682293,1
S1370,III,III-A,0.933821882,1
S1025,III,III-A,0.988990064,1
S1371,I,I-A,0.991075966,1
S1026,IV-B,IV-B,0.630525414,1
S1372,I,I-A,0.973031382,1
S1027,III,III-A,0.995950259,1
S1028,III,III-A,0.995344032,1
S1029,I,I-B,0.861143047,1
S1373,III,III-B,0.930541867,1
S1030,III,III-B,0.928812718,1
S1374,IV-C,IV-C3,0.951443461,1
S1031,III,III-A,0.949189716,1
S1032,III,III-A,0.996181707,1
S1033,IV-B,IV-B,0.494963719,1
S1035,III,III-A,0.995550156,1
S1036,I,I-B,0.933285294,1
S1037,III,III-A,0.994989272,1
S1038,III,III-A,0.996519042,1
S1375,III,III-B,0.650467165,1
S1039,I,I-A,0.981394585,1
S1040,IV-B,IV-B,0.622014006,1
S1041,III,III-B,0.860732007,1
S1042,III,III-A,0.996025301,1
S1043,III,III-A,0.929693897,1
S1376,III,III-B,0.91226117,1
S1044,III,III-B,0.870837622,1
S1045,I,I-A,0.998659574,1
S1046,I,I-B,0.923310291,1
S1047,IV-B,IV-B,0.41787458,1
S1048,III,III-A,0.986294196,1
S1049,III,III-A,0.996016269,1
S1050,III,III-B,0.570613069,1
S1051,IV-B,IV-B,0.640405181,1
S1052,III,III-A,0.968958419,1
S1053,III,III-B,0.784186743,1
S1377,III,III-B,0.930573505,1
S1378,I,I-A,0.990797348,1
S1379,III,III-A,0.978212157,1
S1054,III,III-A,0.99559789,1
S1055,III,III-B,0.916687628,1
S1056,III,III-B,0.95490416,1
S1380,III,III-A,0.971312754,1
S1057,III,III-A,0.996030956,1
S1058,I,I-A,0.988622663,1
S1059,I,I-B,0.642388564,1
S1060,I,I-A,0.988141419,1
S1061,III,III-A,0.946442641,1
S1381,III,III-A,0.938001939,1
S1062,IV-B,IV-B,0.494669855,1
S1063,III,III-A,0.995196975,1
S1382,IV-B,IV-B,0.560431089,1
S1064,III,III-A,0.997174495,1
S1065,I,I-B,0.972035614,1
S1066,III,III-B,0.870879254,1
S1067,IV-B,IV-B,0.491433169,1
S1068,III,III-A,0.995371394,1
S1069,III,III-B,0.942362789,1
S1070,III,III-A,0.982105715,1
S1071,III,III-B,0.789693588,1
S1072,III,III-A,0.988941608,1
S1383,IV-C,IV-C1,0.885932302,1
S1073,IV-B,IV-B,0.548520685,1
S1384,III,III-B,0.863921801,1
S1074,IV-B,IV-B,0.421719476,1
S1075,V,V,0.772955587,1
S1076,IV-B,IV-B,0.481121116,1
S1077,III,III-A,0.995511634,1
S1385,I,I-B,0.901020039,1
S1078,IV-B,IV-B,0.650024206,1
S1079,III,III-A,0.990602172,1
S1080,III,III-B,0.744723043,1
S1081,I,I-A,0.992279758,1
S1082,I,I-A,0.988932419,1
S1083,III,III-A,0.944580064,1
S1084,IV-B,IV-B,0.595469492,1
S1085,III,III-A,0.99607378,1
S1087,III,III-A,0.996139153,1
S1088,III,III-A,0.996231561,1
S1089,I,I-B,0.69973598,1
S1090,I,I-B,0.972381385,1
S1091,IV-B,IV-B,0.418891222,1
S1092,I,I-A,0.978815561,1
S1093,III,III-B,0.91393367,1
S1094,III,III-B,0.869556827,1
S1095,III,III-B,0.900251268,1
S1096,III,III-B,0.639002387,1
S1386,IV-B,IV-B,0.608337192,1
S1097,IV-B,IV-B,0.52940577,1
S1098,III,III-B,0.886342202,1
S1099,I,I-B,0.949543691,1
S1100,IV-B,IV-B,0.61395921,1
S1101,III,III-A,0.995064834,1
S1102,I,I-A,0.989411532,1
S1103,V,V,0.778034515,1
S1104,III,III-A,0.996095825,1
S1105,I,I-B,0.940971456,1
S1106,IV-B,IV-B,0.56654271,1
S1107,III,III-A,0.995189019,1
S1108,IV-B,IV-B,0.583892216,1
S1109,I,I-B,0.974011807,1
S1387,III,III-B,0.924534431,1
S1110,III,III-A,0.995874819,1
S1111,IV-B,IV-B,0.607175923,1
S1112,I,I-A,0.998047466,1
S1113,IV-B,IV-B,0.563788597,1
S1114,I,I-A,0.994061106,1
S1115,III,III-B,0.764924747,1
S1116,III,III-A,0.967435891,1
S1117,III,III-A,0.995280476,1
S1118,III,III-A,0.996541515,1
S1119,I,I-A,0.989098965,1
S1120,III,III-A,0.996665247,1
S1121,IV-B,IV-B,0.567673682,1
S1122,III,III-B,0.95362977,1
S1123,III,III-A,0.986113436,1
S1124,IV-B,IV-B,0.83869711,1
S1125,III,III-A,0.996134204,1
S1126,III,III-A,0.935629755,1
S1127,III,III-A,0.996583639,1
S1128,I,I-B,0.973142558,1
S1129,V,V,0.701414173,1
S1388,III,III-A,0.995882587,1
S1130,III,III-A,0.996755946,1
S1131,I,I-A,0.990479599,1
S1389,I,I-B,0.682464842,1
S1132,III,III-A,0.993131093,1
S1133,III,III-A,0.99621345,1
S1134,III,III-A,0.995285221,1
S1135,III,III-A,0.973085311,1
S1136,I,I-A,0.980005613,1
S1137,IV-B,IV-B,0.579221789,1
S1138,IV-B,IV-B,0.550913058,1
S1139,III,III-B,0.657836763,1
S1140,III,III-A,0.995692845,1
S1141,III,III-A,0.995648664,1
S1390,III,III-B,0.935996288,1
S1142,I,I-B,0.961183577,1
S1391,IV-B,IV-B,0.449973166,1
S1143,III,III-A,0.995943052,1
S1392,III,III-B,0.92011959,1
S1144,I,I-A,0.98816323,1
S1145,III,III-B,0.951519474,1
S1393,IV-B,IV-B,0.705208132,1
S1146,III,III-B,0.922530788,1
S1147,III,III-A,0.992605998,1
S1148,III,III-B,0.943442101,1
S1149,III,III-A,0.996422862,1
S1150,I,I-B,0.691770508,1
S1151,IV-B,IV-B,0.643187055,1
S1152,I,I-B,0.923628604,1
S1153,I,I-A,0.988079504,1
S1154,IV-B,IV-B,0.536586116,1
S1155,IV-B,IV-B,0.576326077,1
S1156,I,I-A,0.974332276,1
S1157,I,I-B,0.963558424,1
S1158,IV-B,IV-B,0.527072973,1
S1159,I,I-A,0.995662231,1
S1160,I,I-A,0.974827241,1
S1161,III,III-A,0.995641594,1
S1162,I,I-A,0.988677686,1
S1163,I,I-B,0.781062362,1
S1164,III,III-B,0.658922778,1
S1165,III,III-B,0.758492256,1
S1394,IV-C,IV-C1,0.894086555,1
S1166,III,III-B,0.916829437,1
S1167,III,III-A,0.995753459,1
S1168,III,III-B,0.919043251,1
S1169,IV-B,IV-B,0.652746026,1
S1395,IV-B,IV-B,0.573238567,1
S1396,III,III-B,0.918761927,1
S1170,III,III-A,0.995952127,1
S1171,III,III-A,0.996142187,1
S1172,IV-B,IV-B,0.556528848,1
S1173,I,I-B,0.973792527,1
S1174,I,I-B,0.971034074,1
S1397,IV-B,IV-B,0.593436109,1
S1175,IV-B,IV-B,0.606344968,1
S1398,III,III-A,0.951930109,1
S1176,IV-B,IV-B,0.428806204,1
S1177,IV-B,IV-B,0.594616519,1
S1178,III,III-A,0.995740448,1
S1399,III,III-A,0.992453692,1
S1179,III,III-A,0.995774285,1
S1180,III,III-A,0.993519298,1
S1181,III,III-B,0.800098098,1
S1182,III,III-A,0.997210686,1
S1183,IV-B,IV-B,0.418811607,1
S1184,III,III-A,0.926896203,1
S1400,III,III-B,0.857992509,1
S1401,III,III-A,0.995875474,1
S1185,I,I-A,0.988875771,1
S1186,III,III-A,0.995771774,1
S1187,III,III-A,0.995847008,1
S1188,III,III-A,0.996548458,1
S1402,I,I-A,0.976800254,1
S1403,I,I-A,0.993168709,1
S1189,III,III-B,0.914691491,1
S1190,III,III-A,0.995343068,1
S1192,III,III-A,0.99644113,1
S1193,I,I-B,0.907351095,1
S1404,I,I-A,0.988782138,1
S1194,IV-B,IV-B,0.418738787,1
S1195,III,III-B,0.921083018,1
S1196,III,III-A,0.996028301,1
S1197,I,I-A,0.992864194,1
S1198,III,III-A,0.995952166,1
S1199,III,III-B,0.918006508,1
S1200,I,I-A,0.987423016,1
S1201,IV-B,IV-B,0.430105247,1
S1202,III,III-B,0.919894691,1
S1203,III,III-A,0.958470798,1
S1204,I,I-B,0.951835278,1
S1205,III,III-B,0.695779208,1
S1206,III,III-B,0.824453351,1
S1207,III,III-A,0.995844939,1
S1208,III,III-A,0.996600889,1
S1209,III,III-A,0.996277229,1
S1405,I,I-B,0.972380359,1
S1210,IV-B,IV-B,0.623732367,1
S1211,III,III-A,0.988839311,1
S1212,IV-B,IV-B,0.553047897,1
S1406,IV-C,IV-C3,0.23781021,1
S1407,I,I-A,0.993423029,1
S1408,III,III-A,0.997497078,1
S1213,III,III-A,0.968569916,1
S1214,III,III-B,0.702248882,1
S1215,I,I-B,0.802439308,1
S1216,IV-B,IV-B,0.46735595,1
S1217,I,I-A,0.986662443,1
S1218,III,III-B,0.759655799,1
S1219,I,I-B,0.786189825,1
S1409,IV-B,IV-B,0.518894038,1
S1220,III,III-A,0.995381822,1
S1221,I,I-A,0.988123522,1
S1410,IV-B,IV-B,0.43371439,1
S1222,I,I-A,0.989783145,1
S1411,III,III-A,0.995845602,1
S1223,IV-B,IV-B,0.518438359,1
S1224,I,I-B,0.798468669,1
S1225,IV-B,IV-B,0.716702204,1
S1226,IV-B,IV-B,0.502441473,1
S1227,III,III-B,0.935375236,1
S1228,III,III-A,0.996167788,1
S1229,III,III-B,0.922905995,1
S1230,II,II,0.263352047,1
S1231,III,III-A,0.996647862,1
